Well_API,Well_ID,Well_Status,Oil_Sales,Gas_Sales,Stripper_flg,Well_Tot_Mill,Well_Asd_Val,H1000,H5280,Well_PTax,Sum_Home_Asd_Val,Sum_Home_PTax,Avg_PTax_Home,Avg_H1000_NoWell,H1000_Effect,Well_in_View,Avg_H5280_NoWell,H5280_Effect,Ptax_Effect,Net_Difference,PA_Candidate
05-013-06017,6017,SI,,6,Y,101.278,33641,1,31,3407.093198,33213780,214206.01,6909.87129,6965.150261,55.72120209,1,6916.781162,207.5034348,263.2246369,3143.868561,0
05-013-06020,6020,SI,,3,N,101.278,27276,2,13,2762.458728,11473670,79219.62,6093.816923,6142.567458,98.28107934,1,6099.91074,73.19892888,171.4800082,2590.97872,0
05-013-06021,6021,PA,,,N,101.278,19932,0,444,2018.673096,269400410,2093169.22,4714.34509,0,0,0,4719.059435,2095.262389,2095.262389,-76.58929322,1
05-013-06023,6023,SI,,3,N,88.302,3977,0,95,351.177054,150735496,934894.76,9840.997474,0,0,0,9850.838471,935.8296548,935.8296548,-584.6526008,1
05-013-06026,6026,SI,,119,N,98.673,34093,0,65,3364.058589,109184234,692425.23,10652.69585,0,0,0,10663.34854,693.1176552,693.1176552,2670.940934,0
05-013-06029,6029,SI,86,1398,N,93.963,23767,1,352,2233.218621,214266900,1629282.3,4628.642898,4665.672041,37.32537633,1,4633.271541,1626.278311,1663.603687,569.6149339,0
05-013-06033,6033,SI,161,94,N,93.963,27278,2,47,2563.122714,46158930,294831.68,6273.014468,6323.198584,101.1711773,1,6279.287483,288.8472242,390.0184015,2173.104312,0
05-013-06036,6036,PA,,,Y,93.963,223,4,48,20.953749,47996940,316368.01,6591.000208,6643.72821,212.5993027,1,6597.591209,310.0867868,522.6860895,-501.7323405,1
05-013-06047,6047,SI,,,N,101.278,21947,2,17,2222.748266,15765059,106559.23,6268.19,6318.33552,101.0933683,1,6274.45819,100.391331,201.4846994,2021.263567,0
05-013-06048,6048,TA,70,39,N,97.673,26539,0,40,2592.143747,67573119,422829.73,10570.74325,0,0,0,10581.31399,423.2525597,423.2525597,2168.891187,0
05-013-06049,6049,SI,115,6,N,76.716,26531,5,244,2035.352196,198337660,1307526.42,5358.714836,5401.584555,216.0633822,1,5364.073551,1303.469873,1519.533255,515.8189409,0
05-013-06054,6054,TA,15,346,N,101.278,22475,0,55,2276.22305,46403903,314712.72,5722.049455,0,0,0,5727.771504,315.0274327,315.0274327,1961.195617,0
05-013-06057,6057,SI,23,1217,N,93.963,23281,2,50,2187.552603,59270962,367969.77,7359.3954,7418.270563,118.692329,1,7366.754795,360.970985,479.663314,1707.889289,0
05-013-06058,6058,SI,304,485,N,101.278,23529,1,593,2382.970062,352985856,2855020.18,4814.53656,4853.052852,38.82442282,1,4819.351096,2853.055849,2891.880272,-508.9102099,1
05-013-06061,6061,SI,30,11,N,96.963,29051,22,1071,2816.872113,717486705,4391311.55,4100.197526,4132.999106,727.4078426,1,4104.297723,4391.598564,5119.006406,-2302.134293,1
05-013-06062,6062,PA,,,N,93.963,1328,0,90,124.782864,135019486,847056.29,9411.736556,0,0,0,9421.148292,847.9033463,847.9033463,-723.1204823,1
05-013-06063,6063,PR,234,1490,Y,93.963,29345,0,1554,2757.344235,781194705,7275006.76,4681.471532,0,0,0,4686.153003,7282.281767,7282.281767,-4524.937532,1
05-013-06068,6068,PA,,,N,93.963,23736,0,122,2230.305768,125868399,779753.28,6391.420328,0,0,0,6397.811748,780.5330333,780.5330333,1449.772735,0
05-013-06069,6069,SI,,25,N,88.302,26985,3,95,2382.82947,93798730,607582.41,6395.604316,6446.76915,154.7224596,1,6401.99992,601.7879925,756.5104521,1626.319018,0
05-013-06072,6072,SI,,6,Y,88.302,5296,6,40,467.647392,62162780,377345.48,9433.637,9509.106096,456.4370926,1,9443.070637,368.2797548,824.7168475,-357.0694555,1
05-013-06073,6073,PR,,35,N,104.778,32919,3,638,3449.186982,567598860,3890431.29,6097.854687,6146.637524,147.5193006,1,6103.952541,3888.217769,4035.737069,-586.5500873,1
05-013-06076,6076,SI,,6,N,98.673,7360,3,161,726.23328,171596402,1071529,6655.459627,6708.703304,161.0088793,1,6662.115087,1065.938414,1226.947293,-500.7140132,1
05-013-06077,6077,PA,,,N,93.963,8,0,36,0.751704,34937660,217638.11,6045.503056,0,0,0,6051.548559,217.8557481,217.8557481,-217.1040441,1
05-013-06080,6080,SI,,6,N,101.278,28595,0,25,2896.04441,28282050,187312.93,7492.5172,0,0,0,7500.009717,187.5002429,187.5002429,2708.544167,0
05-013-06081,6081,SI,,4,N,93.932,25212,0,2484,2368.213584,1101880349,6913791.36,2783.329855,0,0,0,2786.113185,6920.705151,6920.705151,-4552.491567,1
05-013-06084,6084,SI,,,N,79.216,3977,0,1206,315.042032,661951165,5640995.1,4677.44204,0,0,0,4682.119482,5646.636095,5646.636095,-5331.594063,1
05-013-06085,6085,SI,5,9,N,98.673,7360,0,547,726.23328,357915200,2187335.77,3998.785686,0,0,0,4002.784471,2189.523106,2189.523106,-1463.289826,1
05-013-06086,6086,SI,,4,N,98.673,7360,0,243,726.23328,196386270,1209534.91,4977.509918,0,0,0,4982.487428,1210.744445,1210.744445,-484.5111649,1
05-013-06087,6087,SI,,4,N,93.963,26959,0,125,2533.148517,110911044,696626.8,5573.0144,0,0,0,5578.587414,697.3234268,697.3234268,1835.82509,0
05-013-06088,6088,SI,,10,N,101.278,27067,0,8,2741.291626,5140590,31944.44,3993.055,0,0,0,3997.048055,31.97638444,31.97638444,2709.315242,0
05-013-06090,6090,SI,,5,N,98.673,28595,0,74,2821.554435,137408380,859330.69,11612.57689,0,0,0,11624.18947,860.1900207,860.1900207,1961.364414,0
05-013-06091,6091,PA,,,N,101.784,18510,5,969,1884.02184,697391756,4770120.37,4922.72484,4962.106639,198.4842656,1,4927.647565,4769.962843,4968.447108,-3084.425268,1
05-013-06092,6092,SI,,6,N,101.278,23506,0,8,2380.640668,7117020,49239.95,6154.99375,0,0,0,6161.148744,49.28918995,49.28918995,2331.351478,0
05-013-06094,6094,SI,,15,N,88.302,26580,0,419,2347.06716,375321628,2687871.08,6414.966778,0,0,0,6421.381745,2690.558951,2690.558951,-343.4917911,1
05-013-06095,6095,PA,,,N,101.278,22028,1,54,2230.951784,43791132,295229.94,5467.221111,5510.95888,44.08767104,1,5472.688332,290.0524816,334.1401526,1896.811631,0
05-013-06098,6098,PA,,,Y,101.784,16,3,21,1.628544,21003240,144029.95,6858.569048,6913.4376,165.9225024,1,6865.427617,137.3085523,303.2310547,-301.6025107,1
05-013-06100,6100,SI,149,18,N,93.963,32897,7,86,3091.100811,129646566,810519.58,9424.646279,9500.043449,532.0024332,1,9434.070925,801.8960287,1333.898462,1757.202349,0
05-013-06101,6101,SI,,7,N,101.278,27296,1,6,2764.484288,4485870,30998.16,5166.36,5207.69088,41.66152704,1,5171.52636,25.8576318,67.51915884,2696.965129,0
05-013-06102,6102,PR,,5,N,93.963,25221,0,43,2369.840823,55728444,345173.49,8027.290465,0,0,0,8035.317756,345.5186635,345.5186635,2024.32216,0
05-013-06103,6103,PR,,2,N,101.278,22108,0,19,2239.054024,15624590,99714.69,5248.141579,0,0,0,5253.389721,99.81440469,99.81440469,2139.239619,0
05-013-06104,6104,SI,94,1428,N,93.963,23701,2,60,2227.017063,53308010,347336.36,5788.939333,5835.250848,93.36401357,1,5794.728273,341.8889681,435.2529817,1791.764081,0
05-013-06105,6105,SI,81,1824,N,101.278,24403,0,318,2471.487034,194012687,1360368.75,4277.889151,0,0,0,4282.16704,1361.729119,1361.729119,1109.757915,0
05-013-06107,6107,PR,,673,N,101.278,22255,0,1966,2253.94189,1040521276,8522122.11,4334.751836,0,0,0,4339.086588,8530.644232,8530.644232,-6276.702342,1
05-013-06108,6108,PR,11,536,N,115.187,22363,0,967,2575.926881,555218046,4618322.21,4775.927828,0,0,0,4780.703756,4622.940532,4622.940532,-2047.013651,1
05-013-06109,6109,PA,,,N,101.278,2038,0,15,206.404564,12040109,79442.25,5296.15,0,0,0,5301.44615,79.52169225,79.52169225,126.8828718,0
05-013-06110,6110,SI,5,494,N,101.278,22276,0,48,2256.068728,40593543,276202.33,5754.215208,0,0,0,5759.969424,276.4785323,276.4785323,1979.590196,0
05-013-06111,6111,SI,,,N,101.278,21948,1,48,2222.849544,38856543,262016.29,5458.672708,5502.34209,44.01873672,1,5464.131381,256.8141749,300.8329116,1922.016632,0
05-013-06112,6112,PA,,580,N,98.673,28595,0,60,2821.554435,119223318,748578.95,12476.31583,0,0,0,12488.79215,749.327529,749.327529,2072.226906,0
05-013-06113,6113,PA,,,N,76.716,21121,0,1717,1620.318636,624733555,3791912.62,2208.452312,0,0,0,2210.660764,3795.704533,3795.704533,-2175.385897,1
05-013-06114,6114,PA,,,N,77.716,25242,259,4909,1961.707272,3016114445,18958032.31,3861.892913,3892.788056,8065.856853,1,3865.754806,18973.12459,27038.98144,-25077.27417,1
05-013-06115,6115,SI,,44,N,101.278,17153,1,54,1737.221534,67957874,421832.8,7811.718519,7874.212267,62.99369813,1,7819.530237,414.4351026,477.4288007,1259.792733,0
05-013-06122,6122,SI,30,498,N,101.278,22571,1,21,2285.945738,20568070,140546.86,6692.707619,6746.24928,53.96999424,1,6699.400327,133.9880065,187.9580008,2097.987737,0
05-013-06123,6123,SI,97,1215,N,101.278,24804,1,44,2512.099512,36627613,247261,5619.568182,5664.524727,45.31619782,1,5625.18775,241.8830733,287.1992711,2224.900241,0
05-013-06125,6125,PR,,16,N,101.278,24814,1,15,2513.112292,17458410,120714.97,8047.664667,8112.045984,64.89636787,1,8055.712331,112.7799726,177.6763405,2335.435951,0
05-013-06127,6127,SI,,2,N,118.368,25212,216,2378,2984.294016,1277076095,10543297.39,4433.68267,4469.152132,7722.694884,1,4438.116353,10549.40257,18272.09745,-15287.80344,1
05-013-06128,6128,PR,,31,Y,79.216,41645,4,412,3298.95032,149273435,888600.21,2156.796626,2174.050999,69.56963198,1,2158.953423,887.3298568,956.8994888,2342.050831,0
05-013-06134,6134,PR,,28,N,164.01,25228,85,2741,4137.64428,1567306095,14406517.38,5255.934834,5297.982313,3602.627973,1,5261.190769,14415.66271,18018.29068,-13880.6464,1
05-013-06135,6135,PR,,35,N,111.053,26537,162,2206,2947.013461,1199669485,9562216.37,4334.64024,4369.317362,5662.635301,1,4338.97488,9567.439611,15230.07491,-12283.06145,1
05-013-06137,6137,SI,62,2360,N,101.278,40045,2,28,4055.67751,30555520,197661.74,7059.347857,7115.82264,113.8531622,1,7066.407205,190.7929945,304.6461568,3751.031353,0
05-013-06145,6145,SI,65,7,N,93.963,25212,0,192,2368.995156,160749736,1007917.72,5249.571458,0,0,0,5254.82103,1008.925638,1008.925638,1360.069518,0
05-013-06150,6150,SI,,9,N,76.716,5296,17,2022,406.287936,1051610560,7563776.87,3740.740292,3770.666214,512.8106051,1,3744.481032,7567.596166,8080.406771,-7674.118835,1
05-013-06151,6151,PA,,,Y,93.932,26776,136,3347,2515.123232,1701621843,10587080.23,3163.155133,3188.460374,3469.044887,1,3166.318288,10594.50099,14063.54588,-11548.42265,1
05-013-06152,6152,SI,,,Y,101.784,20341,0,6,2070.388344,3743464,24778.88,4129.813333,0,0,0,4133.943147,24.80365888,24.80365888,2045.584685,0
05-013-06156,6156,SI,,5,N,101.278,23495,2,189,2379.52661,213633963,1453850.52,7692.330794,7753.86944,124.061911,1,7700.023124,1447.604347,1571.666258,807.8603516,0
05-013-06157,6157,SI,,6,N,101.784,26366,0,81,2683.636944,88683820,603901.1,7455.569136,0,0,0,7463.024705,604.5050011,604.5050011,2079.131943,0
05-013-06164,6164,SI,206,1757,N,101.278,56057,0,57,5677.340846,43443133,292338.97,5128.75386,0,0,0,5133.882614,292.631309,292.631309,5384.709537,0
05-013-06165,6165,PA,,,N,149.079,7861,14,2327,1171.910019,1480247916,9213756.18,3959.499862,3991.175861,447.0116965,1,3963.459362,9219.006477,9666.018173,-8494.108154,1
05-013-06166,6166,PA,,,Y,93.932,32517,227,3477,3054.386844,1668378944,10449212.03,3005.237857,3029.27976,5501.172045,1,3008.243095,10456.653,15957.82504,-12903.4382,1
05-013-06169,6169,SI,,24,N,111.053,26538,95,2188,2947.124514,1198992709,9346910.45,4271.896915,4306.07209,3272.614789,1,4276.168812,9351.981192,12624.59598,-9677.471466,1
05-013-06178,6178,SI,,,N,101.278,26338,0,43,2667.459964,35474783,239821.24,5577.23814,0,0,0,5582.815378,240.0610612,240.0610612,2427.398903,0
05-013-06180,6180,SI,,12,N,79.216,26357,6,573,2087.896112,181140188,1080196.41,1885.159529,1900.240805,91.21155864,1,1887.044688,1079.389562,1170.60112,917.2949916,0
05-013-06181,6181,SI,,40,N,118.368,32995,2,112,3905.55216,120767776,738782.86,6596.275536,6649.04574,106.3847318,1,6602.871811,732.918771,839.3035029,3066.248657,0
05-013-06182,6182,SI,,,N,118.368,21945,68,1845,2597.58576,880961960,7315433.46,3965.004585,3996.724622,2174.218194,1,3968.96959,7318.779924,9492.998118,-6895.412358,1
05-013-06183,6183,SI,,9,N,101.784,20341,0,14,2070.388344,8582624,56593.81,4042.415,0,0,0,4046.457415,56.65040381,56.65040381,2013.73794,0
05-013-06187,6187,PA,144,124,N,118.368,26531,4,988,3140.421408,609994970,4535365.16,4590.450567,4627.174171,148.0695735,1,4595.041017,4535.305484,4683.375058,-1542.95365,1
05-013-06189,6189,PR,,28,N,97.673,26601,0,160,2598.199473,223319667,1431045.46,8944.034125,0,0,0,8952.978159,1432.476505,1432.476505,1165.722968,0
05-013-06190,6190,SI,,31,N,101.784,20341,1,26,2070.388344,16056384,107365.73,4129.451154,4162.486763,33.2998941,1,4133.580605,103.3395151,136.6394092,1933.748935,0
05-013-06199,6199,PA,,,N,101.278,17153,8,647,1737.221534,389043966,3096971.46,4786.663771,4824.957081,308.7972532,1,4791.450435,3095.276981,3404.074234,-1666.8527,1
05-013-06204,6204,SI,,20,N,101.278,21028,4,316,2129.673784,234127520,1550867.84,4907.80962,4947.072097,158.3063071,1,4912.71743,1547.50599,1705.812298,423.8614865,0
05-013-06208,6208,SI,,21,N,101.278,20341,0,24,2060.095798,23046119,154504.02,6437.6675,0,0,0,6444.105168,154.658524,154.658524,1905.437274,0
05-013-06210,6210,SI,,28,N,97.673,25219,2,100,2463.215387,160537573,1020561.5,10205.615,10287.25992,164.5961587,1,10215.82062,1011.366241,1175.9624,1287.252987,0
05-013-06224,6224,PA,,,Y,101.278,472,4,44,47.803216,35991083,243400.75,5531.835227,5576.089909,178.4348771,1,5537.367063,238.1067837,416.5416608,-368.7384448,1
05-013-06232,6232,PA,,,Y,115.204,30841,0,1455,3553.006564,599387361,3984862.85,2738.737354,0,0,0,2741.476091,3988.847713,3988.847713,-435.8411489,1
05-013-06236,6236,PA,,,N,79.216,37,3,502,2.930992,276283295,2951253.35,5878.990737,5926.022663,142.2245439,1,5884.869728,2948.319734,3090.544278,-3087.613286,1
05-013-06238,6238,PR,,5,N,101.278,26543,0,7,2688.221954,6650480,41824.87,5974.981429,0,0,0,5980.95641,41.86669487,41.86669487,2646.355259,0
05-013-06240,6240,SI,,201,N,101.278,7360,0,22,745.40608,25041850,169775.14,7717.051818,0,0,0,7724.76887,169.9449151,169.9449151,575.4611649,0
05-013-06243,6243,PR,625,7958,N,93.963,93602,0,2401,8795.124726,1285735665,12056765.53,5021.559988,0,0,0,5026.581547,12068.8223,12068.8223,-3273.69757,1
05-013-06244,6244,SI,,,N,101.278,27276,0,9,2762.458728,8533430,59239.13,6582.125556,0,0,0,6588.707681,59.29836913,59.29836913,2703.160359,0
05-013-06245,6245,PR,111,2069,Y,93.963,35833,0,1928,3366.976179,1133996680,10055908.27,5215.720057,0,0,0,5220.935777,10065.96418,10065.96418,-6698.987999,1
05-013-06246,6246,SI,3,13,N,168.048,3977,161,2018,668.326896,1231043645,11169352.28,5534.862379,5579.141278,7185.933966,1,5540.397241,11174.98124,18360.9152,-17692.5883,1
05-013-06247,6247,PA,,,N,172.904,46,0,267,7.953584,170431600,1708288.93,6398.08588,0,0,0,6404.483966,1709.997219,1709.997219,-1702.043635,1
05-013-06248,6248,SI,,10,N,101.278,5453,0,35,552.268934,38121090,245038.67,7001.104857,0,0,0,7008.105962,245.2837087,245.2837087,306.9852253,0
05-013-06249,6249,SI,,2,N,101.278,27284,0,22,2763.268952,25313610,166118.96,7550.861818,0,0,0,7558.41268,166.285079,166.285079,2596.983873,0
05-013-06250,6250,SI,,332,N,101.278,26338,0,15,2667.459964,15105720,105138.06,7009.204,0,0,0,7016.213204,105.2431981,105.2431981,2562.216766,0
05-013-06252,6252,PA,,,N,102.992,89249,264,896,9191.933008,484512785,4695362.66,5240.360112,5282.282992,11156.18168,1,5245.600472,4694.812422,15850.9941,-6659.061094,1
05-013-06253,6253,SI,27,21,N,79.216,29856,0,45,2365.072896,25369840,131907.64,2931.280889,0,0,0,2934.21217,132.0395476,132.0395476,2233.033348,0
05-013-06254,6254,PA,,,N,175.404,5149,3,702,903.155196,355586775,2356671.72,3357.082222,3383.93888,81.21453312,1,3360.439304,2355.667952,2436.882486,-1533.72729,1
05-013-06256,6256,SI,,,N,79.216,26338,0,824,2086.391008,306088467,1876586.08,2277.410291,0,0,0,2279.687702,1878.462666,1878.462666,207.9283419,0
05-013-06259,6259,SI,,3,N,92.963,3977,3,864,369.713851,595703898,4769924.81,5520.746308,5564.912278,133.5578947,1,5526.267054,4769.168468,4902.726362,-4533.012511,1
05-013-06260,6260,PA,,,Y,96.432,34958,0,29,3371.069856,15880240,81658.86,2815.822759,0,0,0,2818.638581,81.74051886,81.74051886,3289.329337,0
05-013-06261,6261,PA,,,N,91.454,77467,0,62,7084.667018,60725519,361594.42,5832.168065,0,0,0,5838.000233,361.9560144,361.9560144,6722.711004,0
05-013-06262,6262,PA,,,N,79.216,34093,0,181,2700.711088,100264812,614930.11,3397.403923,0,0,0,3400.801327,615.5450401,615.5450401,2085.166048,0
05-013-06263,6263,SI,,8,N,91.454,6179,0,94,565.094266,67990309,413489.88,4398.828511,0,0,0,4403.227339,413.9033699,413.9033699,151.1908961,0
05-013-06270,6270,PA,,,N,79.216,74,0,26,5.861984,28480230,168856.12,6494.466154,0,0,0,6500.96062,169.0249761,169.0249761,-163.1629921,1
05-013-06271,6271,PA,,,N,104.518,3,2,625,0.313554,357574613,2196127.63,3513.804208,3541.914642,56.67063427,1,3517.318012,2194.80644,2251.477074,-2251.16352,1
05-013-06273,6273,PA,,,N,76.716,3977,0,1702,305.099532,935054215,7297128.96,4287.384818,0,0,0,4291.672203,7304.426089,7304.426089,-6999.326557,1
05-013-06274,6274,SI,,5,N,76.716,3979,0,1653,305.252964,843784365,5783204.77,3498.611476,0,0,0,3502.110088,5788.987975,5788.987975,-5483.735011,1
05-013-06275,6275,SI,,5,N,76.716,32029,8,2277,2457.136764,1135247459,7402217.37,3250.864018,3276.870931,209.7197396,1,3254.114882,7406.365472,7616.085212,-5158.948448,1
05-013-06277,6277,SI,,6,N,87.302,25255,0,190,2204.81201,136572610,837951.93,4410.273316,0,0,0,4414.683589,838.7898819,838.7898819,1366.022128,0
05-013-06278,6278,SI,,2,N,96.432,25212,0,1017,2431.243584,556178452,3442816.3,3385.266765,0,0,0,3388.652032,3446.259116,3446.259116,-1015.015532,1
05-013-06279,6279,PA,,,N,79.216,10,0,336,0.79216,129928205,769219.84,2289.344762,0,0,0,2291.634107,769.9890598,769.9890598,-769.1968998,1
05-013-06280,6280,PA,,,N,79.216,32,3,1047,2.534912,379250545,2291145.05,2188.295177,2205.801538,52.93923691,1,2190.483472,2291.245712,2344.184948,-2341.650036,1
05-013-06281,6281,PA,,,N,79.216,11,6,1218,0.871376,405776703,2452226.29,2013.322077,2029.428654,97.41257538,1,2015.335399,2452.663181,2550.075756,-2549.20438,1
05-013-06282,6282,SI,,3,N,96.963,25212,0,8,2444.631156,6343420,36647.78,4580.9725,0,0,0,4585.553473,36.68442778,36.68442778,2407.946728,0
05-013-06284,6284,PA,,,N,168.048,4040,158,1873,678.91392,1191178518,11077793.92,5914.465521,5961.781245,7535.691493,1,5920.379986,11082.95133,18618.64283,-17939.72891,1
05-013-06285,6285,SI,,13,N,96.432,31606,212,1024,3047.829792,626604263,3885698.35,3794.627295,3824.984313,6487.173395,1,3798.421922,3885.785626,10372.95902,-7325.12923,1
05-013-06286,6286,SI,,13,N,91.454,25354,0,11,2318.724716,12040859,71731.69,6521.062727,0,0,0,6527.58379,71.80342169,71.80342169,2246.921294,0
05-013-06290,6290,SI,,41,N,76.716,27298,93,2235,2094.193368,905351102,5505616.1,2463.362908,2483.069812,1847.40394,1,2465.826271,5508.65589,7356.05983,-5261.866462,1
05-013-06291,6291,SI,,13,N,76.716,5457,83,2272,418.639212,882318612,5375614.11,2366.027337,2384.955556,1583.610489,1,2368.393364,5378.621331,6962.23182,-6543.592608,1
05-013-06292,6292,PA,,,N,87.302,21319,0,1113,1861.191338,643979263,3970023.41,3566.957242,0,0,0,3570.524199,3973.993433,3973.993433,-2112.802095,1
05-013-06293,6293,SI,,2,N,76.716,5457,0,1599,418.639212,607823515,3683803.11,2303.816829,0,0,0,2306.120646,3687.486913,3687.486913,-3268.847701,1
05-013-06294,6294,SI,,3,N,87.302,25212,1,8,2201.058024,6178910,36394.51,4549.31375,4585.70826,36.68566608,1,4553.863064,31.87704145,68.56270753,2132.495316,0
05-013-06295,6295,PA,,,N,92.963,21844,1,920,2030.683772,636805314,6404493.32,6961.405783,7017.097029,56.13677623,1,6968.367188,6403.929446,6460.066222,-4429.38245,1
05-013-06302,6302,PA,,,N,93.963,819,0,80,76.955697,107083954,669928.16,8374.102,0,0,0,8382.476102,670.5980882,670.5980882,-593.6423912,1
05-013-06303,6303,SI,,207,N,93.963,3977,0,77,373.690851,115660854,725651.84,9424.04987,0,0,0,9433.47392,726.3774918,726.3774918,-352.6866408,1
05-013-06305,6305,SI,,243,N,98.673,3982,2,44,392.915886,85569852,545682.6,12401.87727,12501.09229,200.0174767,1,12414.27915,533.8140035,733.8314801,-340.9155941,1
05-013-06306,6306,SI,,38,N,98.673,21477,0,53,2119.200021,89109280,565940.53,10678.12321,0,0,0,10688.80133,566.5064705,566.5064705,1552.69355,0
05-013-06320,6320,SI,2,5,N,88.302,3977,0,97,351.177054,145370586,901914.79,9298.090619,0,0,0,9307.388709,902.8167048,902.8167048,-551.6396508,1
05-013-06321,6321,SI,2,5,N,88.302,3977,2,100,351.177054,159637526,992088.5,9920.885,10000.25208,160.0040333,1,9930.805885,983.1497826,1143.153816,-791.9767619,1
05-013-06322,6322,PA,35,,N,88.302,3977,2,90,351.177054,144842266,900072.48,10000.80533,10080.81178,161.2929884,1,10010.80614,890.9617463,1052.254735,-701.0776808,1
05-013-06335,6335,SI,28,2,N,88.302,27792,0,85,2454.089184,135512740,841227.23,9896.790941,0,0,0,9906.687732,842.0684572,842.0684572,1612.020727,0
05-013-06336,6336,SI,,2,Y,79.216,6041,0,10,478.543856,13077180,77774.6,7777.46,0,0,0,7785.23746,77.8523746,77.8523746,400.6914814,0
05-013-06337,6337,SI,181,,N,91.454,27302,0,157,2496.877108,76307709,459489.04,2926.681783,0,0,0,2929.608465,459.948529,459.948529,2036.928579,0
05-013-06340,6340,SI,,,N,79.216,7360,5,49,583.02976,29168960,156763.31,3199.251224,3224.845234,128.9938094,1,3202.450476,153.7176228,282.7114322,300.3183278,0
05-013-06341,6341,SI,18,23,N,79.216,6041,0,43,478.543856,24475140,126817.26,2949.238605,0,0,0,2952.187843,126.9440773,126.9440773,351.5997787,0
05-013-06342,6342,SI,35,5,N,79.216,6041,0,89,478.543856,28318420,148981,1673.94382,0,0,0,1675.617764,149.129981,149.129981,329.413875,0
05-013-06343,6343,PA,42,,N,79.216,6048,2,89,479.098368,30366930,160917.52,1808.062022,1822.526519,29.1604243,1,1809.870084,159.2685674,188.4289917,290.6693763,0
05-013-06346,6346,SI,,2,N,96.432,42465,0,35,4094.98488,19845710,101369.25,2896.264286,0,0,0,2899.16055,101.4706193,101.4706193,3993.514261,0
05-013-06348,6348,SI,,2,N,96.432,5453,0,477,525.843696,150412888,894369.62,1874.988721,0,0,0,1876.86371,895.2639896,895.2639896,-369.4202936,1
05-013-06351,6351,SI,,1,N,96.432,5453,0,12,525.843696,7051690,36446.17,3037.180833,0,0,0,3040.218014,36.48261617,36.48261617,489.3610798,0
05-013-06352,6352,SI,,2,N,101.278,6061,0,18,613.845958,20620520,140752.69,7819.593889,0,0,0,7827.413483,140.8934427,140.8934427,472.9525153,0
05-013-06353,6353,SI,,4,N,101.278,6041,0,22,611.820398,25041850,169775.14,7717.051818,0,0,0,7724.76887,169.9449151,169.9449151,441.8754829,0
05-013-06354,6354,SI,,2,N,93.963,3977,4,704,373.690851,491736990,4273560.45,6070.398366,6118.961553,195.8067697,1,6076.468765,4271.757542,4467.564311,-4093.87346,1
05-013-06355,6355,SI,,2,N,87.302,21431,0,553,1870.969162,464237368,3057318.94,5528.605678,0,0,0,5534.134284,3060.376259,3060.376259,-1189.407097,1
05-013-06358,6358,SI,,2,N,88.302,3977,2,41,351.177054,58065716,352423.24,8595.68878,8664.454291,138.6312687,1,8604.284469,344.1713788,482.8026474,-131.6255934,1
05-013-06361,6361,PA,,,Y,95.173,126,1,64,11.991798,98903078,624553.39,9758.646719,9836.715893,78.69372714,1,9768.405365,615.409538,694.1032652,-682.1114672,1
05-013-06368,6368,SI,,,N,91.454,3977,0,62,363.712558,60725519,361594.42,5832.168065,0,0,0,5838.000233,361.9560144,361.9560144,1.75654358,0
05-013-06371,6371,PR,,6,N,101.278,5466,0,13,553.585548,16851445,116187.31,8937.485385,0,0,0,8946.42287,116.3034973,116.3034973,437.2820507,0
05-013-06372,6372,SI,,,N,101.278,5466,0,101,553.585548,159422423,1097402.99,10865.37614,0,0,0,10876.24151,1098.500393,1098.500393,-544.914845,1
05-013-06373,6373,PR,,14,N,93.963,5454,0,28,512.474202,44393720,300195.04,10721.25143,0,0,0,10731.97268,300.495235,300.495235,211.978967,0
05-013-06374,6374,SI,,2,N,96.432,3389,0,483,326.808048,152564807,907807.31,1879.51824,0,0,0,1881.397758,908.7151173,908.7151173,-581.9070693,1
05-013-06383,6383,SI,,2,N,104.778,4057,0,88,425.084346,166043370,1135686.02,12905.52295,0,0,0,12918.42848,1136.821706,1136.821706,-711.73736,1
05-013-06384,6384,SI,,,N,104.778,3977,0,51,416.702106,103746600,711827.92,13957.4102,0,0,0,13971.36761,712.5397479,712.5397479,-295.8376419,1
05-013-06385,6385,SI,,6,N,104.778,21431,0,58,2245.497318,51554950,321887.81,5549.789828,0,0,0,5555.339617,322.2096978,322.2096978,1923.28762,0
05-013-06395,6395,SI,,32,N,79.216,6084,0,444,481.950144,203543232,1257584.48,2832.397477,0,0,0,2835.229875,1258.842064,1258.842064,-776.8919205,1
05-013-06396,6396,SI,,8,N,91.454,4247,0,79,388.405138,64244309,385991.6,4885.96962,0,0,0,4890.85559,386.3775916,386.3775916,2.0275464,0
05-013-06397,6397,SI,,10,N,91.454,27666,0,325,2530.166364,177443092,1087761.26,3346.957723,0,0,0,3350.304681,1088.849021,1088.849021,1441.317343,0
05-013-06398,6398,SI,,8,N,91.454,32210,0,52,2945.73334,51356059,305530.12,5875.579231,0,0,0,5881.45481,305.8356501,305.8356501,2639.89769,0
05-013-06409,6409,SI,,,N,79.216,3977,0,595,315.042032,357410775,3495984.26,5875.603798,0,0,0,5881.479402,3499.480244,3499.480244,-3184.438212,1
05-013-06414,6414,PA,,,N,101.278,6054,1,275,613.137012,305475353,2075999.62,7549.089527,7609.482243,60.87585795,1,7556.638617,2070.518981,2131.394839,-1518.257827,1
05-013-06415,6415,SI,,13,N,101.278,6041,2,143,611.820398,170220763,1161881.01,8125.042028,8190.042364,131.0406778,1,8133.16707,1154.909724,1285.950402,-674.1300038,1
05-013-06416,6416,SI,,2,N,88.302,29905,3,30,2640.67131,45669406,276146.02,9204.867333,9278.506272,222.6841505,1,9214.072201,267.2080938,489.8922443,2150.779066,0
05-013-06418,6418,PA,,,N,101.278,5453,2,33,552.268934,36752180,236051.66,7153.080606,7210.305251,115.364884,1,7160.233687,229.127478,344.492362,207.776572,0
05-013-06421,6421,SI,,30,N,92.963,3990,9,1804,370.92237,1072535699,9758385.83,5409.304784,5452.579222,392.585704,1,5414.714089,9762.729502,10155.31521,-9784.392836,1
05-013-06422,6422,SI,,18,N,93.963,3985,0,1399,374.442555,855305750,7910379.23,5654.309671,0,0,0,5659.963981,7918.289609,7918.289609,-7543.847054,1
05-013-06423,6423,PR,,12,N,101.278,6082,0,36,615.972796,37615300,255718.65,7103.295833,0,0,0,7110.399129,255.9743687,255.9743687,359.9984274,0
05-013-06424,6424,PR,,7,N,101.278,6044,0,76,612.124232,96844555,664302.7,8740.825,0,0,0,8749.565825,664.9670027,664.9670027,-52.8427707,1
05-013-06426,6426,PA,,,N,101.278,4,1,9,0.405112,7973310,55176.57,6130.73,6179.77584,49.43820672,1,6136.86073,49.09488584,98.53309256,-98.12798056,1
05-013-06431,6431,PA,,,N,101.278,24082,0,5,2438.976796,4001470,28292.42,5658.484,0,0,0,5664.142484,28.32071242,28.32071242,2410.656084,0
05-013-06433,6433,PA,,,N,101.278,4005,0,14,405.61839,16893630,116799.29,8342.806429,0,0,0,8351.149235,116.9160893,116.9160893,288.7023007,0
05-013-06437,6437,SI,,7,N,101.278,6041,1,5,611.820398,2494670,17193.26,3438.652,3466.161216,27.72928973,1,3442.090652,13.76836261,41.49765234,570.3227457,0
05-013-06441,6441,SI,,9,N,101.278,6041,1,7,611.820398,4220110,28170.73,4024.39,4056.58512,32.45268096,1,4028.41439,24.17048634,56.6231673,555.1972307,0
05-013-06442,6442,SI,,18,N,92.963,32037,3,1318,2978.255631,811726070,7729977.42,5864.929757,5911.849195,141.8843807,1,5870.794687,7731.836603,7873.720983,-4895.465352,1
05-013-06443,6443,SI,25,3,N,79.216,7360,5,49,583.02976,29168960,156763.31,3199.251224,3224.845234,128.9938094,1,3202.450476,153.7176228,282.7114322,300.3183278,0
05-013-06447,6447,SI,,1,N,101.278,23495,0,11,2379.52661,8726810,57228.16,5202.56,0,0,0,5207.76256,57.28538816,57.28538816,2322.241222,0
05-013-06448,6448,PA,,,N,79.216,34831,20,1191,2759.172496,385610373,2330077.87,1956.404593,1972.05583,315.5289327,1,1958.360997,2330.449587,2645.97852,113.1939764,0
05-013-06449,6449,PR,588,10208,N,101.278,69905,0,9,7079.83859,10367890,70716.84,7857.426667,0,0,0,7865.284093,70.78755684,70.78755684,7009.051033,0
05-013-06454,6454,PR,265,864,Y,93.963,36181,18,1974,3399.675303,1095806850,9023617.76,4571.234934,4607.804814,663.5238932,1,4575.806169,9028.065572,9691.589465,-6291.914162,1
05-013-06457,6457,PA,,,N,111.053,15434,19,1350,1713.992002,893260095,7798575.94,5776.722919,5822.936702,885.0863787,1,5782.499641,7800.592016,8685.678395,-6971.686393,1
05-013-06458,6458,PA,,,N,111.053,6080,9,1791,675.20224,1130175400,10303771.33,5753.08282,5799.107482,417.5357387,1,5758.835902,10308.31627,10725.852,-10050.64976,1
05-013-06460,6460,PA,,,N,87.302,4349,59,2739,379.676398,1763345718,10881804.39,3972.911424,4004.694715,1890.215906,1,3976.884335,10888.70931,12778.92522,-12399.24882,1
05-013-06463,6463,PA,,,N,118.368,25279,2,657,2992.224672,405096678,3088713.52,4701.238234,4738.84814,75.82157024,1,4705.939473,3087.096294,3162.917864,-170.6931923,1
05-013-06464,6464,SI,,3,N,96.432,5453,0,133,525.843696,34761950,187428.07,1409.233609,0,0,0,1410.642843,187.6154981,187.6154981,338.2281979,0
05-013-06466,6466,PA,,,N,87.302,3989,78,3435,348.247678,2079861793,12870666.7,3746.918981,3776.894333,2356.782064,1,3750.6659,12879.7867,15236.56876,-14888.32109,1
05-013-06473,6473,PA,,,N,93.963,23690,4,35,2225.98347,36853140,228383.18,6525.233714,6577.435584,210.4779387,1,6531.758948,222.0798042,432.5577429,1793.425727,0
05-013-06483,6483,PA,,,Y,88.302,16981,5,128,1499.456262,143737406,881670.48,6888.050625,6943.15503,277.7262012,1,6894.938676,875.6572118,1153.383413,346.072849,0
05-013-06500,6500,SI,,,N,101.278,23242,0,147,2353.903276,103042470,816340.08,5553.333878,0,0,0,5558.887211,817.1564201,817.1564201,1536.746856,0
05-013-06501,6501,SI,40,760,N,101.278,22922,1,57,2321.494316,47394692,319665.2,5608.161404,5653.026695,45.22421356,1,5613.769565,314.3710956,359.5953092,1961.899007,0
05-013-06503,6503,SI,66,1111,N,101.278,22834,1,48,2312.581852,39362683,267657.36,5576.195,5620.80456,44.96643648,1,5581.771195,262.3432462,307.3096826,2005.272169,0
05-013-06504,6504,SI,7,78,N,101.278,21968,0,8,2224.875104,5258509,33354.46,4169.3075,0,0,0,4173.476808,33.38781446,33.38781446,2191.48729,0
05-013-06505,6505,SI,90,1474,N,101.278,61661,0,29,6244.902758,25900323,176278.94,6078.584138,0,0,0,6084.662722,176.4552189,176.4552189,6068.447539,0
05-013-06506,6506,PR,967,5040,N,118.368,130219,17,729,15413.76259,417654026,3539067.96,4854.68856,4893.526068,665.5195453,1,4859.543248,3537.747485,4203.26703,11210.49556,0
05-013-06507,6507,PR,415,7021,N,101.278,44484,0,19,4505.250552,20891590,145201.25,7642.171053,0,0,0,7649.813224,145.3464513,145.3464513,4359.904101,0
05-013-06508,6508,SI,165,3864,N,101.278,42076,1,21,4261.373128,19210569,130389.83,6209.039524,6258.71184,50.06969472,1,6215.248563,124.3049713,174.374666,4086.998462,0
05-013-06509,6509,SI,110,1837,N,101.278,42880,2,35,4342.80064,37555250,240765.97,6879.027714,6934.059936,110.944959,1,6885.906742,234.1208292,345.0657882,3997.734852,0
05-013-06510,6510,SI,212,3203,N,93.963,50668,5,62,4760.917284,56173240,366268.78,5907.560968,5954.821455,238.1928582,1,5913.468529,360.7215803,598.9144385,4162.002846,0
05-013-06511,6511,SI,538,5028,N,101.278,88141,13,46,8926.744198,38174813,257987.86,5608.431739,5653.299193,587.9431161,1,5614.040171,252.6318077,840.5749238,8086.169274,0
05-013-06512,6512,SI,57,526,N,101.278,22750,0,56,2304.0745,48077303,326314.43,5827.043393,0,0,0,5832.870436,326.6407444,326.6407444,1977.433756,0
05-013-06513,6513,SI,,9,N,101.278,27554,0,54,2790.614012,89739403,620912.68,11498.38296,0,0,0,11509.88135,621.5335927,621.5335927,2169.080419,0
05-013-06516,6516,SI,,,N,101.278,21988,1,21,2226.900664,19210569,130389.83,6209.039524,6258.71184,50.06969472,1,6215.248563,124.3049713,174.374666,2052.525998,0
05-013-06517,6517,PA,,,N,101.278,22286,2,55,2257.081508,44284092,297929.7,5416.903636,5460.238865,87.36382185,1,5422.32054,292.8053092,380.169131,1876.912377,0
05-013-06518,6518,PR,642,10780,N,101.278,67254,0,114,6811.350612,100412265,678357.51,5950.504474,0,0,0,5956.454978,679.0358675,679.0358675,6132.314744,0
05-013-06519,6519,SI,39,1708,N,101.278,23336,4,49,2363.423408,39730543,268075.71,5470.932857,5514.70032,176.4704102,1,5476.40379,262.8673819,439.3377922,1924.085616,0
05-013-06520,6520,PR,,851,N,101.278,22542,0,57,2283.008676,45210503,305731.14,5363.704211,0,0,0,5369.067915,306.0368711,306.0368711,1976.971805,0
05-013-06521,6521,SI,206,2466,N,101.278,65221,0,85,6605.452438,67152933,451661.06,5313.659529,0,0,0,5318.973189,452.1127211,452.1127211,6153.339717,0
05-013-06522,6522,SI,85,2646,N,101.278,27771,0,13,2812.591338,10292709,65805.13,5061.933077,0,0,0,5066.99501,65.87093513,65.87093513,2746.720403,0
05-013-06524,6524,SI,,,N,101.278,21945,4,540,2222.54571,338102711,2630167.39,4870.680352,4909.645795,157.1086654,1,4875.551032,2627.922006,2785.030672,-562.4849618,1
05-013-06525,6525,SI,125,1843,N,101.278,23583,1,21,2388.439074,20061499,136346.37,6492.684286,6544.62576,52.35700608,1,6499.17697,129.9835394,182.3405455,2206.098529,0
05-013-06526,6526,SI,,,N,101.278,22134,1,44,2241.687252,36627613,247261,5619.568182,5664.524727,45.31619782,1,5625.18775,241.8830733,287.1992711,1954.487981,0
05-013-06531,6531,SI,121,1885,N,101.278,21057,3,15,2132.610846,13350329,90366.13,6024.408667,6072.603936,145.7424945,1,6030.433075,84.42606305,230.1685575,1902.442288,0
05-013-06533,6533,PR,1059,10694,N,118.368,122802,27,741,14535.82714,422846946,3614902.77,4878.411296,4917.438586,1062.166735,1,4883.289707,3613.634383,4675.801118,9860.026022,0
05-013-06534,6534,PR,1412,12179,N,118.368,120960,26,741,14317.79328,422846946,3614902.77,4878.411296,4917.438586,1022.827226,1,4883.289707,3613.634383,4636.461609,9681.331671,0
05-013-06536,6536,PR,259,5171,N,118.368,41681,113,825,4933.696608,475259066,4016449.65,4868.423818,4907.371209,4436.263573,1,4873.292242,4015.592807,8451.85638,-3518.159772,1
05-013-06537,6537,PR,791,8230,N,101.278,105993,0,18,10734.75905,19812890,136423.09,7579.060556,0,0,0,7586.639616,136.5595131,136.5595131,10598.19954,0
05-013-06538,6538,PR,,8,N,97.463,34097,0,40,3323.195911,58072530,375955.99,9398.89975,0,0,0,9408.29865,376.331946,376.331946,2946.863965,0
05-013-06539,6539,PR,485,7751,N,101.278,68179,4,1781,6905.032762,960966847,7754590.51,4354.065418,4388.897942,140.4447341,1,4358.419484,7757.986681,7898.431415,-993.3986532,1
05-013-06540,6540,PA,,,N,101.278,21,0,20,2.126838,19449399,132102.69,6605.1345,0,0,0,6611.739635,132.2347927,132.2347927,-130.1079547,1
05-013-06541,6541,SI,162,2427,N,93.963,30061,2,60,2824.621743,53308010,347336.36,5788.939333,5835.250848,93.36401357,1,5794.728273,341.8889681,435.2529817,2389.368761,0
05-013-06543,6543,SI,238,2625,N,101.278,53569,1,58,5425.361182,48986412,331305.72,5712.167586,5757.864927,46.06291942,1,5717.879754,325.919146,371.9820654,5053.379117,0
05-013-06544,6544,SI,,,N,101.278,21974,0,104,2225.482772,85423053,574832.57,5527.23625,0,0,0,5532.763486,575.4074026,575.4074026,1650.075369,0
05-013-06545,6545,SI,206,2489,N,101.278,63189,0,49,6399.655542,35307573,237199.55,4840.807143,0,0,0,4845.64795,237.4367496,237.4367496,6162.218792,0
05-013-06546,6546,PA,,,N,101.278,22234,0,36,2251.815052,32144449,216398.29,6011.063611,0,0,0,6017.074675,216.6146883,216.6146883,2035.200364,0
05-013-06547,6547,SI,,,N,101.278,18872,0,188,1911.318416,127030540,983311.73,5230.381543,0,0,0,5235.611924,984.2950417,984.2950417,927.0233743,0
05-013-06548,6548,SI,216,3216,N,101.278,49688,0,15,5032.301264,12040109,79442.25,5296.15,0,0,0,5301.44615,79.52169225,79.52169225,4952.779572,0
05-013-06549,6549,SI,214,3269,N,101.278,46561,0,13,4715.604958,10292709,65805.13,5061.933077,0,0,0,5066.99501,65.87093513,65.87093513,4649.734023,0
05-013-06550,6550,SI,136,2141,N,101.278,30835,1,631,3122.90713,378917471,2986821.17,4733.472536,4771.340316,38.17072253,1,4738.206008,2985.069785,3023.240508,99.66662231,0
05-013-06551,6551,SI,,,N,101.278,21947,0,395,2222.748266,237114470,1873229.9,4742.354177,0,0,0,4747.096531,1875.10313,1875.10313,347.6451361,0
05-013-06552,6552,SI,148,3869,N,101.278,25635,4,49,2596.26153,39730543,268075.71,5470.932857,5514.70032,176.4704102,1,5476.40379,262.8673819,439.3377922,2156.923738,0
05-013-06553,6553,PR,344,6253,N,101.278,87589,0,113,8870.838742,97419475,657151.86,5815.503186,0,0,0,5821.318689,657.8090119,657.8090119,8213.02973,0
05-013-06554,6554,SI,137,3548,N,101.278,61899,2,28,6269.006922,30555520,197661.74,7059.347857,7115.82264,113.8531622,1,7066.407205,190.7929945,304.6461568,5964.360765,0
05-013-06555,6555,PR,354,8120,N,118.368,66770,118,825,7903.43136,475259066,4016449.65,4868.423818,4907.371209,4632.558421,1,4873.292242,4015.592807,8648.151228,-744.7198684,1
05-013-06556,6556,PR,265,5300,N,118.368,45673,114,825,5406.221664,475259066,4016449.65,4868.423818,4907.371209,4475.522542,1,4873.292242,4015.592807,8491.11535,-3084.893686,1
05-013-06557,6557,SI,218,3503,N,93.963,48828,1,321,4588.025364,191302270,1435883.71,4473.157975,4508.943239,36.07154591,1,4477.631133,1432.841963,1468.913508,3119.111856,0
05-013-06558,6558,SI,,746,N,168.048,34153,156,1867,5739.343344,1187306618,11047939.8,5917.482485,5964.822345,7444.098287,1,5923.399968,11053.06434,18497.16263,-12757.81928,1
05-013-06559,6559,SI,,,N,168.048,4135,20,1665,694.87848,1087360964,10180560.9,6114.450991,6163.366599,986.1386558,1,6120.565442,10184.6209,11170.75955,-10475.88107,1
05-013-06560,6560,PA,,,N,168.048,30700,18,1663,5159.0736,1086691464,10175656.36,6118.855298,6167.80614,888.1640842,1,6124.974153,10179.70704,11067.87113,-5908.797526,1
05-013-06561,6561,PA,,,N,168.048,4072,158,2029,684.291456,1238273445,11240953.19,5540.1445,5584.465656,7058.764589,1,5545.684644,11246.64846,18305.41305,-17621.12159,1
05-013-06562,6562,PA,,,N,168.048,41629,155,2023,6995.670192,1233420745,11195986,5534.347998,5578.622782,6917.49225,1,5539.882346,11201.6421,18119.13435,-11123.46416,1
05-013-06564,6564,PR,198,4587,N,172.214,25730,81,1011,4431.06622,562176886,4713729.27,4662.442404,4699.741943,3045.432779,1,4667.104846,4713.775894,7759.208673,-3328.142453,1
05-013-06566,6566,SI,266,3174,N,101.278,62501,0,9,6329.976278,6076749,39003.29,4333.698889,0,0,0,4338.032588,39.04229329,39.04229329,6290.933985,0
05-013-06568,6568,PR,327,7883,N,101.278,48618,0,19,4923.933804,16511820,104797.81,5515.674211,0,0,0,5521.189885,104.9026078,104.9026078,4819.031196,0
05-013-06571,6571,PR,103,2840,N,172.214,24012,82,1007,4135.202568,559931686,4695458.35,4662.81862,4700.121169,3083.279487,1,4667.481438,4695.486327,7778.765814,-3643.563246,1
05-013-06572,6572,SI,206,2372,N,118.368,31130,76,1857,3684.79584,886511890,7362535.78,3964.747324,3996.465302,2429.850904,1,3968.712071,7365.929604,9795.780507,-6110.984667,1
05-013-06573,6573,PR,182,3215,N,118.368,28562,70,1845,3380.826816,880701050,7317256.86,3965.992878,3997.720821,2238.72366,1,3969.958871,7320.604158,9559.327818,-6178.501002,1
05-013-06574,6574,SI,229,2759,N,118.368,32259,71,1852,3818.433312,884765910,7343789.39,3965.329044,3997.051677,2270.325352,1,3969.294373,7347.163885,9617.489237,-5799.055925,1
05-013-06575,6575,PR,141,2636,N,118.368,36384,73,1852,4306.701312,884188210,7341875.78,3964.295778,3996.010144,2333.669924,1,3968.260073,7345.249396,9678.91932,-5372.218008,1
05-013-06576,6576,TA,220,2653,N,118.368,29871,75,1860,3535.770528,887562350,7374914.39,3965.007737,3996.727798,2398.036679,1,3968.972744,7378.320332,9776.357011,-6240.586483,1
05-013-06577,6577,PR,102,5330,N,118.368,26880,69,1848,3181.73184,881325360,7328035.99,3965.38744,3997.11054,2206.405018,1,3969.352828,7331.394673,9537.799691,-6356.067851,1
05-013-06578,6578,SI,235,4329,N,101.278,49657,2,13,5029.161646,10819549,71621.06,5509.312308,5553.386806,88.8541889,1,5514.82162,66.17785944,155.0320483,4874.129598,0
05-013-06579,6579,SI,225,3869,N,93.963,57925,2,50,5442.806775,59270962,367969.77,7359.3954,7418.270563,118.692329,1,7366.754795,360.970985,479.663314,4963.143461,0
05-013-06580,6580,SI,191,4454,N,101.278,43910,0,17,4447.11698,16094599,108243.09,6367.240588,0,0,0,6373.607829,108.3513331,108.3513331,4338.765647,0
05-013-06581,6581,PR,182,3617,N,115.187,44152,0,968,5085.736424,555830646,4623307.39,4776.143998,0,0,0,4780.920142,4627.930697,4627.930697,457.8057266,0
05-013-06582,6582,PR,597,11481,N,101.278,69541,5,2113,7042.973398,1124323155,9214144.31,4360.693,4395.578544,175.8231418,1,4365.053693,9218.993401,9394.816542,-2351.843144,1
05-013-06583,6583,PR,136,3359,N,101.278,22170,5,2109,2245.33326,1122238355,9198566.23,4361.57716,4396.469777,175.8587911,1,4365.938737,9203.398857,9379.257649,-7133.924389,1
05-013-06588,6588,PA,,,N,101.278,550,5,2104,55.7029,1119521855,9176822.78,4361.607785,4396.500647,175.8600259,1,4365.969393,9181.633633,9357.493659,-9301.790759,1
05-013-06591,6591,PR,218,3491,N,115.187,28167,0,956,3244.472229,549745156,4574902.68,4785.463054,0,0,0,4790.248517,4579.477583,4579.477583,-1335.005354,1
05-013-06592,6592,PR,266,4768,N,115.187,34951,0,960,4025.900837,551788546,4590726.96,4782.00725,0,0,0,4786.789257,4595.317687,4595.317687,-569.41685,1
05-013-06594,6594,SI,,3,N,97.463,6047,0,201,589.358761,338205043,2319929,11541.93532,0,0,0,11553.47726,2322.248929,2322.248929,-1732.890168,1
05-013-06595,6595,SI,350,4961,N,101.278,71090,1,44,7199.85302,36627613,247261,5619.568182,5664.524727,45.31619782,1,5625.18775,241.8830733,287.1992711,6912.653749,0
05-013-06596,6596,SI,317,4451,N,101.278,59342,1,44,6010.039076,36627613,247261,5619.568182,5664.524727,45.31619782,1,5625.18775,241.8830733,287.1992711,5722.839805,0
05-013-06597,6597,SI,518,8580,N,101.278,151828,1,20,15376.83618,18914530,129082.92,6454.146,6505.779168,52.04623334,1,6460.600146,122.7514028,174.7976361,15202.03854,0
05-013-06598,6598,SI,126,493,N,101.278,123759,1,20,12534.064,18914530,129082.92,6454.146,6505.779168,52.04623334,1,6460.600146,122.7514028,174.7976361,12359.26636,0
05-013-06599,6599,SI,94,849,N,101.278,35217,1,21,3566.707326,20568070,140546.86,6692.707619,6746.24928,53.96999424,1,6699.400327,133.9880065,187.9580008,3378.749325,0
05-013-06600,6600,SI,203,2857,N,101.278,30869,1,44,3126.350582,36627613,247261,5619.568182,5664.524727,45.31619782,1,5625.18775,241.8830733,287.1992711,2839.151311,0
05-013-06611,6611,SI,158,2225,N,101.278,21858,1,44,2213.734524,36627613,247261,5619.568182,5664.524727,45.31619782,1,5625.18775,241.8830733,287.1992711,1926.535253,0
05-013-06621,6621,SI,178,10,N,168.048,48845,117,2098,8208.30456,1240282915,11046532.38,5265.268055,5307.3902,4967.717227,1,5270.533323,11052.30838,16020.02561,-7811.721046,1
05-013-06625,6625,PR,401,6363,N,101.278,36109,0,619,3657.047302,360327306,2885248.25,4661.144184,0,0,0,4665.805328,2888.133498,2888.133498,768.9138038,0
05-013-06626,6626,PR,225,3033,N,101.278,42745,0,620,4329.12811,361026606,2893489.01,4666.917758,0,0,0,4671.584676,2896.382499,2896.382499,1432.745611,0
05-013-06627,6627,PA,,,N,118.368,32589,0,1635,3857.494752,822144216,6737778.85,4120.965657,0,0,0,4125.086623,6744.516629,6744.516629,-2887.021877,1
05-013-06629,6629,PA,,,N,118.368,19596,0,1630,2319.539328,819572016,6718827.76,4121.980221,0,0,0,4126.102201,6725.546588,6725.546588,-4406.00726,1
05-013-06630,6630,PR,254,4512,N,118.368,39098,0,1631,4627.952064,820079216,6721293.69,4120.964862,0,0,0,4125.085827,6728.014984,6728.014984,-2100.06292,1
05-013-06631,6631,PA,,,N,118.368,49799,0,1633,5894.608032,821164416,6730124.78,4121.325646,0,0,0,4125.446972,6736.854905,6736.854905,-842.2468728,1
05-013-06632,6632,TA,486,6006,N,118.368,76901,0,1626,9102.617568,816861596,6700770.75,4121.015221,0,0,0,4125.136237,6707.471521,6707.471521,2395.146047,0
05-013-06633,6633,PA,,,N,118.368,19614,0,1624,2321.669952,814813896,6685667.66,4116.790431,0,0,0,4120.907221,6692.353328,6692.353328,-4370.683376,1
05-013-06634,6634,PA,,,N,118.368,20787,0,1624,2460.515616,814443596,6682346.7,4114.745505,0,0,0,4118.86025,6689.029047,6689.029047,-4228.513431,1
05-013-06635,6635,SI,161,2518,N,101.278,37640,1,631,3812.10392,378917471,2986821.17,4733.472536,4771.340316,38.17072253,1,4738.206008,2985.069785,3023.240508,788.8634123,0
05-013-06636,6636,PR,334,5377,N,115.187,37671,0,973,4339.209477,557834646,4638851.76,4767.576321,0,0,0,4772.343897,4643.490612,4643.490612,-304.2811348,1
05-013-06637,6637,PR,331,5551,N,115.187,45900,0,953,5287.0833,548408056,4564021.72,4789.109885,0,0,0,4793.898994,4568.585742,4568.585742,718.4975583,0
05-013-06638,6638,PR,396,5269,N,115.187,47342,0,961,5453.182954,552107046,4593318.84,4779.728241,0,0,0,4784.50797,4597.912159,4597.912159,855.2707952,0
05-013-06639,6639,SI,229,2847,N,101.278,29935,1,44,3031.75693,36627613,247261,5619.568182,5664.524727,45.31619782,1,5625.18775,241.8830733,287.1992711,2744.557659,0
05-013-06640,6640,SI,,,N,101.278,5929,1,44,600.477262,36627613,247261,5619.568182,5664.524727,45.31619782,1,5625.18775,241.8830733,287.1992711,313.2779909,0
05-013-06641,6641,PR,400,4506,N,115.187,45508,0,971,5241.929996,557013446,4632932.69,4771.300402,0,0,0,4776.071702,4637.565623,4637.565623,604.3643733,0
05-013-06647,6647,PA,,,N,101.278,19611,1,21,1986.162858,20568070,140546.86,6692.707619,6746.24928,53.96999424,1,6699.400327,133.9880065,187.9580008,1798.204857,0
05-013-06648,6648,SI,58,2108,N,101.278,21464,1,20,2173.830992,18914530,129082.92,6454.146,6505.779168,52.04623334,1,6460.600146,122.7514028,174.7976361,1999.033356,0
05-013-06667,6667,PA,,,N,118.368,41646,0,1621,4929.553728,813243596,6674561.05,4117.557711,0,0,0,4121.675269,6681.235611,6681.235611,-1751.681883,1
