API_Label,Spud_Date,Ground_Ele,Well_Stat,Stat_Date,Section,Township,Range,Sec_Twn_Rng,lat1,long1,Assessor_acct,stripper_flg,mill_cd,tot_mill,asd_val,Tax_Est
05-013-06017,1/19/1978,5065,SI,6/1/2022,2,1N,69W,2-1N-69W,40.08542,-105.08628,P0220790    ,Y,4794,101.278,33641,3407.093198
05-013-06020,7/16/1978,4592,SI,4/1/2022,36,2N,69W,36-2N-69W,40.097,-105.05652,P0214202    ,N,2794,101.278,27276,2762.458728
05-013-06021,11/6/1978,4972,PA,4/14/2016,1,1N,69W,1-1N-69W,40.075136,-105.067569,P0223472    ,N,4794,101.278,19932,2018.673096
05-013-06023,12/28/1978,5042,SI,5/1/2022,16,1N,69W,16-1N-69W,40.05356,-105.12388,P0218818    ,N,4257,88.302,3977,351.177054
05-013-06026,5/24/1979,5149,SI,8/1/2022,17,1N,69W,17-1N-69W,40.05401,-105.14308,P0218819    ,N,4231,98.673,34093,3364.058589
05-013-06029,12/18/1979,4981,SI,6/1/2022,11,1N,69W,11-1N-69W,40.070356,-105.078055,P0216387    ,N,4531,93.963,23767,2233.218621
05-013-06033,1/23/1980,5045,SI,8/1/2022,2,1N,69W,2-1N-69W,40.076813,-105.088252,P0220789    ,N,4531,93.963,27278,2563.122714
05-013-06036,6/24/1980,4980,PA,1/10/2022,2,1N,69W,2-1N-69W,40.07883,-105.0785,P0223850    ,Y,4531,93.963,223,20.953749
05-013-06047,1/16/1981,5022,SI,7/1/2021,25,2N,69W,25-2N-69W,40.105141,-105.059082,P0220847    ,N,2794,101.278,21947,2222.748266
05-013-06048,12/29/1981,5015,TA,11/1/2022,20,1N,69W,20-1N-69W,40.03831,-105.14341,P0220792    ,N,1455,97.673,26539,2592.143747
05-013-06049,1/10/1981,5032,SI,4/1/2022,15,1N,69W,15-1N-69W,40.0483,-105.10045,P0260808    ,N,4214,76.716,26531,2035.352196
05-013-06054,5/10/1982,5023,TA,11/1/2022,25,2N,69W,25-2N-69W,40.105434,-105.068267,P0225564    ,N,2794,101.278,22475,2276.22305
05-013-06057,4/28/1981,5079,SI,6/1/2022,10,1N,69W,10-1N-69W,40.070007,-105.098527,P0220849    ,N,4531,93.963,23281,2187.552603
05-013-06058,5/14/1981,4998,SI,6/1/2022,11,1N,69W,11-1N-69W,40.062945,-105.077721,P0220852    ,N,4794,101.278,23529,2382.970062
05-013-06061,5/30/1981,5243,SI,10/1/2022,18,1N,69W,18-1N-69W,40.056464,-105.165919,P0265040    ,N,4253,96.963,29051,2816.872113
05-013-06062,6/15/1981,5148,PA,6/4/2019,9,1N,69W,9-1N-69W,40.06738,-105.12405,P0220797    ,N,4531,93.963,1328,124.782864
05-013-06063,5/16/1981,5110,PR,8/1/2020,25,1N,69W,25-1N-69W,40.02663,-105.05897,P0225828    ,Y,4530,93.963,29345,2757.344235
05-013-06068,6/28/1981,5017,PA,9/5/2017,10,1N,69W,10-1N-69W,40.05891,-105.10569,P0220788    ,N,4531,93.963,23736,2230.305768
05-013-06069,7/9/1981,5080,SI,10/1/2022,22,1N,69W,22-1N-69W,40.0385,-105.11,P0225840    ,N,4257,88.302,26985,2382.82947
05-013-06072,11/21/1981,5046,SI,5/1/2022,16,1N,69W,16-1N-69W,40.04566,-105.12408,P0230900    ,Y,4257,88.302,5296,467.647392
05-013-06073,7/29/1981,5224,PR,11/1/2022,6,1N,69W,6-1N-69W,40.08523,-105.16672,P0225839    ,N,4249,104.778,32919,3449.186982
05-013-06076,8/20/1981,5145,SI,3/1/2022,17,1N,69W,17-1N-69W,40.05578,-105.14716,P0225849    ,N,4231,98.673,7360,726.23328
05-013-06077,8/7/1981,5075,PA,5/14/2021,3,1N,69W,3-1N-69W,40.07542,-105.09532,P0223775    ,N,4531,93.963,8,0.751704
05-013-06080,,5043,SI,4/1/2022,35,2N,69W,35-2N-69W,40.08915,-105.077,P0257878    ,N,2794,101.278,28595,2896.04441
05-013-06081,9/15/1981,5195,SI,10/1/2022,35,1N,69W,35-1N-69W,40.00587,-105.08146,P0230897    ,N,110,93.932,25212,2368.213584
05-013-06084,11/11/1981,5170,SI,11/1/2020,36,1N,69W,36-1N-69W,40.01299,-105.0721,P0230902    ,N,4208,79.216,3977,315.042032
05-013-06085,1/28/1982,5250,SI,10/1/2022,18,1N,69W,18-1N-69W,40.05595,-105.15737,P0311915    ,N,4231,98.673,7360,726.23328
05-013-06086,1/30/1982,5117,SI,3/1/2022,18,1N,69W,18-1N-69W,40.05334,-105.15264,P0225842    ,N,4231,98.673,7360,726.23328
05-013-06087,11/29/1981,5006,SI,4/1/2022,10,1N,69W,10-1N-69W,40.06128,-105.09568,P0230898    ,N,4531,93.963,26959,2533.148517
05-013-06088,10/30/1981,5088,SI,4/1/2022,3,1N,69W,3-1N-69W,40.08195,-105.1053,P0311916    ,N,4794,101.278,27067,2741.291626
05-013-06090,11/12/1981,5052,SI,11/1/2022,17,1N,69W,17-1N-69W,40.053268,-105.133581,P0225837    ,N,4232,98.673,28595,2821.554435
05-013-06091,,5122,PA,10/5/2015,36,2N,70W,36-2N-70W,40.089145,-105.171357,P0230901    ,N,3273,101.784,18510,1884.02184
05-013-06092,,5142,SI,4/1/2022,33,2N,69W,33-2N-69W,40.08928,-105.11464,P0225846    ,N,2794,101.278,23506,2380.640668
05-013-06094,12/2/1981,5139,SI,4/1/2022,27,1N,69W,27-1N-69W,40.02749,-105.11,P0230903    ,N,4254,88.302,26580,2347.06716
05-013-06095,11/5/1981,5023,PA,4/6/2022,25,2N,69W,25-2N-69W,40.113032,-105.068348,P0220853    ,N,2794,101.278,22028,2230.951784
05-013-06098,,5200,PA,11/17/2021,12,3N,69W,12-3N-69W,40.2373,-105.05869,P0247043    ,Y,2792,101.784,16,1.628544
05-013-06100,12/11/1981,5094,SI,10/1/2022,9,1N,69W,9-1N-69W,40.05913,-105.12452,P0225838    ,N,4531,93.963,32897,3091.100811
05-013-06101,,5106,SI,4/1/2022,34,2N,69W,34-2N-69W,40.089658,-105.105191,P0225845    ,N,2794,101.278,27296,2764.484288
05-013-06102,2/11/1982,5032,PR,11/1/2022,4,1N,69W,4-1N-69W,40.07479,-105.11527,P0225843    ,N,4531,93.963,25221,2369.840823
05-013-06103,1/23/1982,5075,PR,11/1/2022,3,1N,69W,3-1N-69W,40.084737,-105.097664,P0225571    ,N,4794,101.278,22108,2239.054024
05-013-06104,12/19/1982,4996,SI,6/1/2022,11,1N,69W,11-1N-69W,40.069674,-105.086651,P0234888    ,N,4531,93.963,23701,2227.017063
05-013-06105,6/29/1982,5004,SI,5/1/2022,11,1N,69W,11-1N-69W,40.060085,-105.084502,P0225561    ,N,4794,101.278,24403,2471.487034
05-013-06107,2/16/1982,5090,PR,5/1/2020,13,1N,69W,13-1N-69W,40.047353,-105.070421,P0225568    ,N,4794,101.278,22255,2253.94189
05-013-06108,3/11/1982,5014,PR,5/1/2020,13,1N,69W,13-1N-69W,40.057023,-105.070022,P0225569    ,N,1414,115.187,22363,2575.926881
05-013-06109,1/1/1982,5013,PA,7/20/2020,24,2N,69W,24-2N-69W,40.119949,-105.059002,P0225567    ,N,2794,101.278,2038,206.404564
05-013-06110,4/22/1982,5065,SI,8/1/2022,26,2N,69W,26-2N-69W,40.10602,-105.07795,P0225563    ,N,2794,101.278,22276,2256.068728
05-013-06111,5/29/1982,5054,SI,11/1/2021,26,2N,69W,26-2N-69W,40.11486,-105.077712,P0225560    ,N,2794,101.278,21948,2222.849544
05-013-06112,3/2/1983,5060,PA,4/20/2022,17,1N,69W,17-1N-69W,40.05149,-105.13925,P0234887    ,N,4232,98.673,28595,2821.554435
05-013-06113,2/14/1981,5160,PA,9/2/2014,2,1S,69W,2-1S-69W,39.995558,-105.074087,P0230904    ,N,4201,76.716,21121,1620.318636
05-013-06115,1/13/1982,5097,SI,10/1/2022,10,1N,69W,10-1N-69W,40.068284,-105.105538,P0225844    ,N,4252,77.716,25242,1961.707272
05-013-06116,2/9/1982,5007,PA,11/10/2014,24,2N,69W,24-2N-69W,40.126015,-105.05865,P0225562    ,N,2794,101.278,17153,1737.221534
05-013-06122,2/12/1982,5017,SI,8/1/2022,36,2N,69W,36-2N-69W,40.10016,-105.06745,P0225565    ,N,2794,101.278,22571,2285.945738
05-013-06123,6/15/1982,5051,SI,8/1/2022,35,2N,69W,35-2N-69W,40.101241,-105.078931,P0225570    ,N,2794,101.278,24804,2512.099512
05-013-06125,,5124,PR,11/1/2022,33,2N,69W,33-2N-69W,40.09535,-105.11434,P0265034    ,N,2794,101.278,24814,2513.112292
05-013-06127,7/3/1982,5112,SI,4/1/2022,24,1N,69W,24-1N-69W,40.03886,-105.06776,P0230905    ,N,1392,118.368,25212,2984.294016
05-013-06128,,5113,PR,11/1/2022,1,1S,69W,1-1S-69W,39.995662,-105.064551,P0230906    ,Y,4208,79.216,41645,3298.95032
05-013-06134,6/2/1982,5193,PR,11/1/2022,26,1N,69W,26-1N-69W,40.02714,-105.07844,P0235036    ,N,1407,164.01,25228,4137.64428
05-013-06135,7/15/1982,5223,PR,8/1/2022,26,1N,69W,26-1N-69W,40.016544,-105.086209,P0230908    ,N,1400,111.053,26537,2947.013461
05-013-06137,8/25/1984,5044,SI,6/1/2022,2,1N,69W,2-1N-69W,40.08457,-105.07929,P0235008    ,N,4794,101.278,40045,4055.67751
05-013-06145,11/15/1982,5017,SI,4/1/2022,15,1N,69W,15-1N-69W,40.05666,-105.10194,P0230909    ,N,4531,93.963,25212,2368.995156
05-013-06150,10/11/1982,5231,SI,3/1/2022,35,1N,69W,35-1N-69W,40.01295,-105.08146,P0230910    ,N,4201,76.716,5296,406.287936
05-013-06151,12/17/1982,5278,PA,3/24/2017,34,1N,69W,34-1N-69W,40.00566,-105.1005,P0230922    ,Y,110,93.932,26776,2515.123232
05-013-06152,12/11/1982,5005,SI,10/1/2019,13,2N,69W,13-2N-69W,40.13381,-105.05893,P0234878    ,Y,2795,101.784,20341,2070.388344
05-013-06156,,5125,SI,6/1/2022,33,2N,69W,33-2N-69W,40.09855,-105.12575,P0225841    ,N,2794,101.278,23495,2379.52661
05-013-06157,,5066,SI,3/1/2022,28,2N,69W,28-2N-69W,40.10353,-105.11476,P0250085    ,N,2795,101.784,26366,2683.636944
05-013-06164,9/29/1983,5030,SI,6/1/2022,27,2N,69W,27-2N-69W,40.105584,-105.096925,P0232420    ,N,2794,101.278,56057,5677.340846
05-013-06165,6/11/1984,5301,PA,6/10/2016,34,1N,69W,34-1N-69W,40.00924,-105.11009,P0234955    ,N,133,149.079,7861,1171.910019
05-013-06166,6/30/1984,5254,PA,3/20/2017,34,1N,69W,34-1N-69W,40.00568,-105.09568,P0234954    ,Y,110,93.932,32517,3054.386844
05-013-06169,1/7/1984,5216,SI,10/1/2022,27,1N,69W,27-1N-69W,40.018219,-105.09547,P0247040    ,N,1400,111.053,26538,2947.124514
05-013-06176,4/10/1984,5162,SI,4/1/2022,28,1N,69W,28-1N-69W,40.02351,-105.11495,P0234882    ,N,4204,87.302,0,0
05-013-06178,,5052,SI,3/1/2021,35,2N,69W,35-2N-69W,40.1015,-105.08612,P0239772    ,N,2794,101.278,26338,2667.459964
05-013-06180,,5125,SI,10/1/2022,1,1S,69W,1-1S-69W,39.99013,-105.06504,P0247039    ,N,4208,79.216,26357,2087.896112
05-013-06181,7/14/1984,5129,SI,11/1/2022,21,1N,69W,21-1N-69W,40.03521,-105.12858,P0244808    ,N,1392,118.368,32995,3905.55216
05-013-06182,8/11/1984,5080,SI,8/1/2022,24,1N,69W,24-1N-69W,40.04143,-105.05899,P0239776    ,N,1392,118.368,21945,2597.58576
05-013-06183,9/1/1984,5019,SI,7/1/2022,13,2N,69W,13-2N-69W,40.133193,-105.066954,P0234981    ,N,2795,101.784,20341,2070.388344
05-013-06187,10/10/1984,5069,PA,8/12/2022,14,1N,69W,14-1N-69W,40.04952,-105.08155,P0239773    ,N,1395,118.368,26531,3140.421408
05-013-06189,11/27/1984,5197,PR,11/1/2022,30,1N,69W,30-1N-69W,40.02459,-105.15634,P0239775    ,N,4229,97.673,26601,2598.199473
05-013-06190,,5000,SI,8/1/2022,14,2N,69W,14-2N-69W,40.133037,-105.0766,P0250086    ,N,2795,101.784,20341,2070.388344
05-013-06199,3/16/1985,4979,PA,10/7/2015,12,1N,69W,12-1N-69W,40.06902,-105.071474,P0237121    ,N,4794,101.278,17153,1737.221534
05-013-06204,4/22/1985,5006,SI,5/1/2022,14,1N,69W,14-1N-69W,40.055566,-105.08921,P0237116    ,N,4794,101.278,21028,2129.673784
05-013-06208,6/21/1985,5027,SI,8/1/2022,24,2N,69W,24-2N-69W,40.11966,-105.06688,P0237126    ,N,2794,101.278,20341,2060.095798
05-013-06210,8/28/1985,5139,SI,10/1/2022,19,1N,69W,19-1N-69W,40.03099,-105.1613,P0247033    ,N,4229,97.673,25219,2463.215387
05-013-06224,,5063,PA,10/22/2021,26,2N,69W,26-2N-69W,40.105833,-105.0875,P0239769    ,Y,2794,101.278,472,47.803216
05-013-06232,,4945,PA,7/2/2021,14,2N,69W,14-2N-69W,40.142428,-105.089556,P0247049    ,Y,689,115.204,30841,3553.006564
05-013-06236,10/8/1986,5123,PA,7/26/2021,36,1N,69W,36-1N-69W,40.01165,-105.06212,P0247038    ,N,4208,79.216,37,2.930992
05-013-06238,10/21/1986,5127,PR,11/1/2022,4,1N,69W,4-1N-69W,40.08202,-105.11461,P0250087    ,N,4794,101.278,26543,2688.221954
05-013-06240,,4995,SI,8/1/2022,36,2N,69W,36-2N-69W,40.09022,-105.06953,P0247037    ,N,2794,101.278,7360,745.40608
05-013-06243,3/11/1988,5169,PR,7/12/1988,25,1N,69W,25-1N-69W,40.02545,-105.06926,P0250089    ,N,4531,93.963,93602,8795.124726
05-013-06244,9/17/1990,4949,SI,11/17/2022,36,2N,69W,36-2N-69W,40.09201,-105.05883,P0259892    ,N,2794,101.278,27276,2762.458728
05-013-06245,1/13/1991,5226,PR,10/1/2022,26,1N,69W,26-1N-69W,40.01797,-105.07819,P0265066    ,Y,4531,93.963,35833,3366.976179
05-013-06246,6/25/1991,5163,SI,11/1/2022,26,1N,69W,26-1N-69W,40.02483,-105.0874,P0259895    ,N,1404,168.048,3977,668.326896
05-013-06247,4/16/1991,5095,PA,7/26/2021,36,1N,69W,36-1N-69W,40.00433,-105.05979,P0259893    ,N,1420,172.904,46,7.953584
05-013-06248,4/26/1991,5099,SI,3/1/2022,2,1N,69W,2-1N-69W,40.083295,-105.089654,P0259894    ,N,4794,101.278,5453,552.268934
05-013-06249,,5052,SI,11/1/2022,35,2N,69W,35-2N-69W,40.09018,-105.089,P0259900    ,N,2794,101.278,27284,2763.268952
05-013-06250,6/15/1991,4961,SI,10/1/2022,36,2N,69W,36-2N-69W,40.09291,-105.06253,P0259898    ,N,2794,101.278,26338,2667.459964
05-013-06252,7/22/1991,5118,PA,10/10/2013,25,1N,69W,25-1N-69W,40.01933,-105.06126,P0259899    ,N,,102.992,89249,9191.933008
05-013-06253,,5147,SI,8/1/2022,1,1S,69W,1-1S-69W,39.98992,-105.0573,P0260807    ,N,4208,79.216,29856,2365.072896
05-013-06254,10/17/1991,5134,PA,2/15/2019,36,1N,69W,36-1N-69W,40.00348,-105.06957,P0259897    ,N,1421,175.404,5149,903.155196
05-013-06256,,5136,SI,10/1/2021,12,1S,69W,12-1S-69W,39.98396,-105.06759,P0259896    ,N,4208,79.216,26338,2086.391008
05-013-06259,2/25/1992,5180,SI,5/1/2022,27,1N,69W,27-1N-69W,40.02384,-105.10526,P0265032    ,N,4199,92.963,3977,369.713851
05-013-06260,,5169,PA,7/12/2013,12,1S,69W,12-1S-69W,39.98215,-105.05872,P0265021    ,Y,112,96.432,34958,3371.069856
05-013-06261,,5262,PA,8/1/2014,13,1S,69W,13-1S-69W,39.96788,-105.06543,P0265027    ,N,4290,91.454,77467,7084.667018
05-013-06262,6/13/1992,5273,PA,8/4/2021,14,1S,69W,14-1S-69W,39.96688,-105.07395,P0265037    ,N,4208,79.216,34093,2700.711088
05-013-06263,7/1/1992,5268,SI,10/1/2022,14,1S,69W,14-1S-69W,39.959898,-105.077273,P0265036    ,N,4290,91.454,6179,565.094266
05-013-06270,9/11/1992,5198,PA,8/4/2021,12,1S,69W,12-1S-69W,39.97593,-105.05892,P0265028    ,N,4208,79.216,74,5.861984
05-013-06271,7/22/1992,5233,PA,9/26/2018,15,1S,69W,15-1S-69W,39.96019,-105.09467,P0265025    ,N,111,104.518,3,0.313554
05-013-06273,3/16/2004,5195,PA,2/18/2021,35,1N,69W,35-1N-69W,40.01304,-105.07687,P0265030    ,N,4201,76.716,3977,305.099532
05-013-06274,9/2/1992,5173,SI,3/1/2022,35,1N,69W,35-1N-69W,40.00943,-105.07685,P0265024    ,N,4201,76.716,3979,305.252964
05-013-06275,7/12/2005,5204,SI,3/1/2022,35,1N,69W,35-1N-69W,40.00938,-105.08158,P0265031    ,N,4201,76.716,32029,2457.136764
05-013-06277,10/5/1992,5246,SI,5/1/2022,22,1S,69W,22-1S-69W,39.95454,-105.09269,P0265039    ,N,4204,87.302,25255,2204.81201
05-013-06278,10/8/1992,5181,SI,5/1/2022,14,1S,69W,14-1S-69W,39.96826,-105.0823,P0270063    ,N,112,96.432,25212,2431.243584
05-013-06279,11/9/1992,5117,PA,5/4/2021,1,1S,69W,1-1S-69W,39.99882,-105.06472,P0265011    ,N,4208,79.216,10,0.79216
05-013-06280,11/2/1992,5144,PA,7/9/2021,1,1S,69W,1-1S-69W,39.99878,-105.07008,P0265012    ,N,4208,79.216,32,2.534912
05-013-06281,6/21/2005,5148,PA,5/7/2021,1,1S,69W,1-1S-69W,39.99555,-105.07012,P0265013    ,N,4208,79.216,11,0.871376
05-013-06282,11/7/1992,5247,SI,5/1/2022,22,1S,69W,22-1S-69W,39.94899,-105.09666,P0270054    ,N,4253,96.963,25212,2444.631156
05-013-06284,10/17/1992,5123,PA,7/7/2021,23,1N,69W,23-1N-69W,40.03085,-105.09054,P0265014    ,N,1404,168.048,4040,678.91392
05-013-06285,11/27/1992,5222,SI,10/1/2022,15,1S,69W,15-1S-69W,39.96821,-105.09272,P0265033    ,N,112,96.432,31606,3047.829792
05-013-06286,10/28/1992,5288,SI,10/1/2022,23,1S,69W,23-1S-69W,39.95429,-105.07744,P0265023    ,N,4290,91.454,25354,2318.724716
05-013-06290,3/18/1993,5185,SI,4/1/2022,2,1S,69W,2-1S-69W,39.99884,-105.07886,P0265019    ,N,4201,76.716,27298,2094.193368
05-013-06291,5/9/2003,5185,SI,10/1/2022,2,1S,69W,2-1S-69W,39.99568,-105.07792,P0265020    ,N,4201,76.716,5457,418.639212
05-013-06292,,5273,PA,7/1/2021,15,1S,69W,15-1S-69W,39.967147,-105.106777,P0265026    ,N,4204,87.302,21319,1861.191338
05-013-06293,1/31/1993,5148,SI,4/1/2022,2,1S,69W,2-1S-69W,39.99877,-105.07516,P0265018    ,N,4201,76.716,5457,418.639212
05-013-06294,3/27/1993,5281,SI,5/1/2022,22,1S,69W,22-1S-69W,39.95008,-105.10649,P0265038    ,N,4204,87.302,25212,2201.058024
05-013-06295,12/29/1992,5100,PA,11/9/2016,22,1N,69W,22-1N-69W,40.03495,-105.099314,P0270125    ,N,4197,92.963,21844,2030.683772
05-013-06302,4/20/1993,5175,PA,1/9/2014,9,1N,69W,9-1N-69W,40.07104,-105.12409,P0270042    ,N,4531,93.963,819,76.955697
05-013-06303,5/1/1993,5187,SI,4/1/2022,9,1N,69W,9-1N-69W,40.071,-105.12891,P0270041    ,N,4531,93.963,3977,373.690851
05-013-06305,7/31/1993,5319,SI,10/1/2022,8,1N,69W,8-1N-69W,40.071384,-105.143817,P0270091    ,N,4231,98.673,3982,392.915886
05-013-06306,8/7/1993,5336,SI,10/1/2022,8,1N,69W,8-1N-69W,40.071018,-105.148486,P0270092    ,N,4231,98.673,21477,2119.200021
05-013-06320,6/25/1993,5055,SI,3/1/2022,16,1N,69W,16-1N-69W,40.0568,-105.1192,P0272817    ,N,4257,88.302,3977,351.177054
05-013-06321,5/26/1993,5055,SI,3/1/2022,16,1N,69W,16-1N-69W,40.05633,-105.12431,P0272818    ,N,4257,88.302,3977,351.177054
05-013-06322,6/3/1993,5043,PA,12/1/2021,16,1N,69W,16-1N-69W,40.0562,-105.12731,P0272819    ,N,4257,88.302,3977,351.177054
05-013-06335,7/7/1993,5049,SI,3/1/2022,16,1N,69W,16-1N-69W,40.05289,-105.12774,P0272820    ,N,4257,88.302,27792,2454.089184
05-013-06336,5/22/1993,5245,SI,5/1/2022,12,1S,69W,12-1S-69W,39.977253,-105.054632,P0270081    ,Y,4208,79.216,6041,478.543856
05-013-06337,9/25/1995,5242,SI,7/1/2022,12,1S,69W,12-1S-69W,39.97463,-105.06548,P0274221    ,N,4290,91.454,27302,2496.877108
05-013-06340,8/16/1993,5138,SI,10/1/2021,1,1S,69W,1-1S-69W,39.998502,-105.056761,P0270071    ,N,4208,79.216,7360,583.02976
05-013-06341,6/2/1993,5155,SI,8/1/2022,1,1S,69W,1-1S-69W,39.99206,-105.05487,P0270083    ,N,4208,79.216,6041,478.543856
05-013-06342,7/6/2005,5129,SI,5/1/2022,1,1S,69W,1-1S-69W,39.98826,-105.06008,P0272824    ,N,4208,79.216,6041,478.543856
05-013-06343,5/21/1993,5112,PA,8/31/2021,1,1S,69W,1-1S-69W,39.99164,-105.05948,P0270084    ,N,4208,79.216,6048,479.098368
05-013-06346,5/3/1993,5142,SI,6/1/2022,12,1S,69W,12-1S-69W,39.98477,-105.05498,P0270064    ,N,112,96.432,42465,4094.98488
05-013-06348,6/6/1993,5132,SI,6/1/2022,12,1S,69W,12-1S-69W,39.984568,-105.063773,P0270077    ,N,112,96.432,5453,525.843696
05-013-06351,5/26/1993,5184,SI,6/1/2022,12,1S,69W,12-1S-69W,39.981175,-105.055915,P0270076    ,N,112,96.432,5453,525.843696
05-013-06352,5/8/1993,5000,SI,5/1/2022,36,2N,69W,36-2N-69W,40.09248,-105.06731,P0272810    ,N,2794,101.278,6061,613.845958
05-013-06353,5/15/1993,5038,SI,5/1/2022,36,2N,69W,36-2N-69W,40.092284,-105.071481,P0272811    ,N,2794,101.278,6041,611.820398
05-013-06354,5/28/1993,5140,SI,5/1/2022,27,1N,69W,27-1N-69W,40.0272,-105.10552,P0270075    ,N,4530,93.963,3977,373.690851
05-013-06355,6/4/1993,5151,SI,5/1/2022,27,1N,69W,27-1N-69W,40.0237,-105.11042,P0270074    ,N,4204,87.302,21431,1870.969162
05-013-06358,7/27/1993,5092,SI,5/1/2022,21,1N,69W,21-1N-69W,40.04149,-105.1233,P0272822    ,N,4257,88.302,3977,351.177054
05-013-06361,6/15/1993,5213,PA,10/13/2021,8,1N,69W,8-1N-69W,40.071093,-105.133049,P0270068    ,Y,1456,95.173,126,11.991798
05-013-06368,6/22/1993,5229,SI,12/1/2020,13,1S,69W,13-1S-69W,39.97059,-105.05975,P0270066    ,N,4290,91.454,3977,363.712558
05-013-06370,6/22/1993,5513,PA,1/9/2017,28,1S,69W,28-1S-69W,39.934326,-105.112399,P0270087    ,N,4204,87.302,24494,2138.375188
05-013-06371,6/28/1993,5174,PR,11/1/2022,4,1N,69W,4-1N-69W,40.085964,-105.12345,P0270037    ,N,4794,101.278,5466,553.585548
05-013-06372,6/15/2005,5207,SI,3/1/2021,4,1N,69W,4-1N-69W,40.08592,-105.129602,P0270038    ,N,4794,101.278,5466,553.585548
05-013-06373,7/9/1993,5197,PR,11/1/2022,4,1N,69W,4-1N-69W,40.08135,-105.12955,P0270039    ,N,4531,93.963,5454,512.474202
05-013-06374,6/14/1993,5132,SI,6/1/2022,12,1S,69W,12-1S-69W,39.984481,-105.063846,P0270093    ,N,112,96.432,3389,326.808048
05-013-06383,8/4/1993,5393,SI,5/1/2022,6,1N,69W,6-1N-69W,40.07844,-105.15202,P0270072    ,N,4249,104.778,4057,425.084346
05-013-06384,7/28/1993,5341,SI,2/7/2022,6,1N,69W,6-1N-69W,40.07775,-105.15772,P0270073    ,N,4249,104.778,3977,416.702106
05-013-06385,7/21/1993,5402,SI,5/1/2022,6,1N,69W,6-1N-69W,40.07453,-105.15727,P0270082    ,N,4249,104.778,21431,2245.497318
05-013-06395,9/28/1993,5197,SI,10/1/2022,14,1S,69W,14-1S-69W,39.97002,-105.07377,P0272812    ,N,4208,79.216,6084,481.950144
05-013-06396,9/11/1993,5247,SI,10/1/2022,14,1S,69W,14-1S-69W,39.96285,-105.07452,P0272813    ,N,4290,91.454,4247,388.405138
05-013-06397,9/21/1993,5280,SI,10/1/2022,14,1S,69W,14-1S-69W,39.963148,-105.078318,P0272814    ,N,4290,91.454,27666,2530.166364
05-013-06398,9/4/1993,5313,SI,10/1/2022,14,1S,69W,14-1S-69W,39.95962,-105.0733,P0272815    ,N,4290,91.454,32210,2945.73334
05-013-06409,9/21/2004,5142,SI,11/1/2020,36,1N,69W,36-1N-69W,40.01304,-105.067337,P0272807    ,N,4208,79.216,3977,315.042032
05-013-06414,8/28/1993,5199,PA,6/10/2021,33,2N,69W,33-2N-69W,40.09675,-105.12917,P0272805    ,N,3274,101.278,6054,613.137012
05-013-06415,8/20/1993,5161,SI,6/1/2022,33,2N,69W,33-2N-69W,40.096711,-105.124433,P0272806    ,N,3274,101.278,6041,611.820398
05-013-06416,8/24/1993,5070,SI,5/1/2022,21,1N,69W,21-1N-69W,40.04144,-105.12892,P0272821    ,N,4257,88.302,29905,2640.67131
05-013-06418,11/26/1994,5067,PA,10/8/2021,2,1N,69W,2-1N-69W,40.082453,-105.085724,P0270086    ,N,4794,101.278,5453,552.268934
05-013-06421,9/4/1993,5183,SI,10/1/2022,27,1N,69W,27-1N-69W,40.02409,-105.09513,P0270127    ,N,4199,92.963,3990,370.92237
05-013-06422,1/12/1995,5174,SI,10/1/2022,27,1N,69W,27-1N-69W,40.02506,-105.0999,P0270123    ,N,4531,93.963,3985,374.442555
05-013-06423,3/2/2005,5085,PR,11/1/2022,33,2N,69W,33-2N-69W,40.09989,-105.11474,P0272803    ,N,2794,101.278,6082,615.972796
05-013-06424,11/8/1993,5092,PR,11/1/2022,33,2N,69W,33-2N-69W,40.099353,-105.119377,P0272804    ,N,2794,101.278,6044,612.124232
05-013-06426,10/2/1993,5148,PA,12/3/2018,33,2N,69W,33-2N-69W,40.09267,-105.1149,P0270055    ,N,2794,101.278,4,0.405112
05-013-06431,,5066,PA,3/7/2022,34,2N,69W,34-2N-69W,40.100842,-105.105356,P0270142    ,N,2794,101.278,24082,2438.976796
05-013-06433,11/18/1994,5100,PA,4/8/2016,34,2N,69W,34-2N-69W,40.096731,-105.110392,P0272835    ,N,2794,101.278,4005,405.61839
05-013-06437,2/22/2005,5073,SI,4/1/2022,34,2N,69W,34-2N-69W,40.092696,-105.100455,P0272802    ,N,2794,101.278,6041,611.820398
05-013-06441,10/6/1993,5067,SI,4/1/2022,34,2N,69W,34-2N-69W,40.08924,-105.0998,P0272801    ,N,2794,101.278,6041,611.820398
05-013-06442,1/7/1995,5143,SI,10/1/2022,27,1N,69W,27-1N-69W,40.02758,-105.1004,P0270122    ,N,4199,92.963,32037,2978.255631
05-013-06443,8/31/1993,5138,SI,5/1/2022,1,1S,69W,1-1S-69W,39.998412,-105.056779,P0270036    ,N,4208,79.216,7360,583.02976
05-013-06447,9/9/1993,5077,SI,4/1/2022,34,2N,69W,34-2N-69W,40.08853,-105.09538,P0272800    ,N,2794,101.278,23495,2379.52661
05-013-06448,10/14/1993,5154,PA,6/27/2013,1,1S,69W,1-1S-69W,39.99185,-105.06885,P0270067    ,N,4208,79.216,34831,2759.172496
05-013-06449,2/1/1995,4952,PR,7/1/2017,1,1N,69W,1-1N-69W,40.0843,-105.058782,P0274224    ,N,4794,101.278,69905,7079.83859
05-013-06454,5/10/1994,5226,PR,6/30/1994,26,1N,69W,26-1N-69W,40.01647,-105.08153,P0272825    ,Y,4531,93.963,36181,3399.675303
05-013-06457,7/11/1994,5069,PA,8/12/2021,23,1N,69W,23-1N-69W,40.04245,-105.090381,P0270143    ,N,1402,111.053,15434,1713.992002
05-013-06458,7/1/1994,5085,PA,8/11/2021,23,1N,69W,23-1N-69W,40.039231,-105.089672,P0281725    ,N,1402,111.053,6080,675.20224
05-013-06460,7/2/1994,5317,PA,12/22/2014,33,1N,69W,33-1N-69W,40.00603,-105.1142,P0270149    ,N,4204,87.302,4349,379.676398
05-013-06463,8/11/1994,5022,PA,5/2/2016,14,1N,69W,14-1N-69W,40.055717,-105.079608,P0274222    ,N,1395,118.368,25279,2992.224672
05-013-06464,5/13/1993,5142,SI,6/1/2022,12,1S,69W,12-1S-69W,39.984767,-105.060341,P0270065    ,N,112,96.432,5453,525.843696
05-013-06466,6/20/1994,5358,PA,12/18/2014,33,1N,69W,33-1N-69W,40.00175,-105.11422,P0270148    ,N,4204,87.302,3989,348.247678
05-013-06473,12/3/1994,5071,PA,4/8/2016,10,1N,69W,10-1N-69W,40.070636,-105.095028,P0272837    ,N,4531,93.963,23690,2225.98347
05-013-06483,2/6/1995,5148,PA,4/27/2017,21,1N,69W,21-1N-69W,40.03506,-105.12456,P0274225    ,Y,4254,88.302,16981,1499.456262
05-013-06500,9/3/2003,4971,SI,9/1/2021,1,1N,69W,1-1N-69W,40.078275,-105.058556,P0305643    ,N,4794,101.278,23242,2353.903276
05-013-06501,1/27/2004,5046,SI,4/1/2022,25,2N,69W,25-2N-69W,40.109131,-105.071151,P0307849    ,N,2794,101.278,22922,2321.494316
05-013-06503,11/23/2007,5025,SI,8/1/2022,36,2N,69W,36-2N-69W,40.101242,-105.071941,P0313236    ,N,2794,101.278,22834,2312.581852
05-013-06504,1/30/2004,5023,SI,3/1/2022,24,2N,69W,24-2N-69W,40.129825,-105.06236,P0307850    ,N,2794,101.278,21968,2224.875104
05-013-06505,9/7/2004,5043,SI,8/1/2022,36,2N,69W,36-2N-69W,40.097361,-105.072655,P0307851    ,N,2794,101.278,61661,6244.902758
05-013-06506,10/29/2010,4991,PR,2/10/2011,12,1N,69W,12-1N-69W,40.068265,-105.062589,P0400651    ,N,1392,118.368,130219,15413.76259
05-013-06507,2/21/2005,4963,PR,7/1/2017,1,1N,69W,1-1N-69W,40.082086,-105.063331,P0309814    ,N,4794,101.278,44484,4505.250552
05-013-06508,3/2/2005,5019,SI,8/1/2022,25,2N,69W,25-2N-69W,40.111335,-105.062424,P0309815    ,N,2794,101.278,42076,4261.373128
05-013-06509,5/19/2005,5057,SI,6/1/2022,2,1N,69W,2-1N-69W,40.082262,-105.082218,P0309817    ,N,4794,101.278,42880,4342.80064
05-013-06510,6/16/2005,4995,SI,6/1/2022,11,1N,69W,11-1N-69W,40.071675,-105.085512,P0309816    ,N,4531,93.963,50668,4760.917284
05-013-06511,6/14/2006,5083,SI,8/1/2022,26,2N,69W,26-2N-69W,40.108982,-105.081179,P0311885    ,N,2794,101.278,88141,8926.744198
05-013-06512,12/18/2006,5029,SI,7/1/2022,25,2N,69W,25-2N-69W,40.10469,-105.07124,P0313309    ,N,2794,101.278,22750,2304.0745
05-013-06513,10/27/2005,5194,SI,6/1/2022,33,2N,69W,33-2N-69W,40.088915,-105.124766,P0311917    ,N,2794,101.278,27554,2790.614012
05-013-06516,9/11/2006,5019,SI,11/1/2021,25,2N,69W,25-2N-69W,40.111345,-105.062335,P0311882    ,N,2794,101.278,21988,2226.900664
05-013-06517,8/2/2006,5027,PA,4/6/2022,25,2N,69W,25-2N-69W,40.116158,-105.072366,P0313316    ,N,2794,101.278,22286,2257.081508
05-013-06518,3/6/2007,5032,PR,9/1/2018,27,2N,69W,27-2N-69W,40.11287,-105.098029,P0313299    ,N,2794,101.278,67254,6811.350612
05-013-06519,1/30/2007,5060,SI,8/1/2022,26,2N,69W,26-2N-69W,40.11585,-105.08069,P0313304    ,N,2794,101.278,23336,2363.423408
05-013-06520,2/15/2007,5050,PR,1/1/2021,26,2N,69W,26-2N-69W,40.107861,-105.09159,P0313255    ,N,2794,101.278,22542,2283.008676
05-013-06521,7/16/2006,5021,SI,6/1/2022,27,2N,69W,27-2N-69W,40.108161,-105.101121,O0400014    ,Y,2794,101.278,0,0
05-013-06521,7/16/2006,5021,SI,6/1/2022,27,2N,69W,27-2N-69W,40.108161,-105.101121,P0311886    ,N,2794,101.278,65221,6605.452438
05-013-06522,2/14/2007,5032,SI,8/1/2022,24,2N,69W,24-2N-69W,40.12284,-105.063112,P0313300    ,N,2794,101.278,27771,2812.591338
05-013-06524,1/3/2007,4980,SI,7/1/2021,12,1N,69W,12-1N-69W,40.071176,-105.072837,P0313235    ,N,4794,101.278,21945,2222.54571
05-013-06525,8/17/2006,5017,SI,8/1/2022,25,2N,69W,25-2N-69W,40.107933,-105.062263,P0311887    ,N,2794,101.278,23583,2388.439074
05-013-06526,8/26/2006,5054,SI,10/1/2021,35,2N,69W,35-2N-69W,40.101225,-105.078997,P0311881    ,N,2794,101.278,22134,2241.687252
05-013-06531,8/9/2006,5013,SI,8/1/2022,25,2N,69W,25-2N-69W,40.107605,-105.057792,P0311888    ,N,2794,101.278,21057,2132.610846
05-013-06533,3/28/2009,4989,PR,5/1/2020,12,1N,69W,12-1N-69W,40.067776,-105.057941,P0319251    ,N,1392,118.368,122802,14535.82714
05-013-06534,3/23/2009,4989,PR,5/1/2020,12,1N,69W,12-1N-69W,40.067818,-105.058029,P0319250    ,N,1392,118.368,120960,14317.79328
05-013-06536,3/31/2008,5009,PR,5/1/2021,12,1N,69W,12-1N-69W,40.060064,-105.066656,P0317264    ,N,1392,118.368,41681,4933.696608
05-013-06537,3/4/2007,4965,PR,7/1/2017,1,1N,69W,1-1N-69W,40.08217,-105.06331,P0313306    ,N,4794,101.278,105993,10734.75905
05-013-06537,3/4/2007,4965,PR,7/1/2017,1,1N,69W,1-1N-69W,40.08217,-105.06331,P0401883    ,N,4794,101.278,0,0
05-013-06538,5/5/2008,5244,PR,11/1/2022,5,1N,69W,5-1N-69W,40.076399,-105.136005,P0317453    ,N,4248,97.463,34097,3323.195911
05-013-06539,9/21/2007,5071,PR,5/1/2020,13,1N,69W,13-1N-69W,40.050007,-105.071759,P0313307    ,N,4794,101.278,68179,6905.032762
05-013-06540,7/6/2007,5021,PA,3/11/2021,25,2N,69W,25-2N-69W,40.10484,-105.06312,P0313303    ,N,2794,101.278,21,2.126838
05-013-06541,5/15/2007,5000,SI,6/1/2022,11,1N,69W,11-1N-69W,40.06966,-105.08669,P0313294    ,N,4531,93.963,30061,2824.621743
05-013-06543,11/17/2007,5027,SI,4/1/2022,25,2N,69W,25-2N-69W,40.108283,-105.067116,P0313310    ,N,2794,101.278,53569,5425.361182
05-013-06544,2/10/2008,5036,SI,7/1/2021,27,2N,69W,27-2N-69W,40.111265,-105.095693,P0317280    ,N,2794,101.278,21974,2225.482772
05-013-06545,2/19/2008,5045,SI,6/1/2022,27,2N,69W,27-2N-69W,40.104226,-105.100467,P0317261    ,N,2794,101.278,63189,6399.655542
05-013-06546,1/28/2008,5014,PA,4/6/2022,25,2N,69W,25-2N-69W,40.115686,-105.06778,P0317278    ,N,2794,101.278,22234,2251.815052
05-013-06547,11/5/2010,4968,SI,9/1/2021,1,1N,69W,1-1N-69W,40.07847,-105.062628,P0400652    ,N,4794,101.278,18872,1911.318416
05-013-06548,1/14/2008,5022,SI,8/1/2022,24,2N,69W,24-2N-69W,40.119327,-105.062407,P0317270    ,N,2794,101.278,49688,5032.301264
05-013-06549,1/21/2008,5003,SI,8/1/2022,24,2N,69W,24-2N-69W,40.122108,-105.057751,P0317281    ,N,2794,101.278,46561,4715.604958
05-013-06550,9/10/2007,4977,SI,6/1/2022,12,1N,69W,12-1N-69W,40.070765,-105.06738,P0317258    ,N,4794,101.278,30835,3122.90713
05-013-06551,8/22/2007,4980,SI,9/1/2021,1,1N,69W,1-1N-69W,40.07544,-105.059367,P0313254    ,N,4794,101.278,21947,2222.748266
05-013-06552,8/13/2007,5064,SI,8/1/2022,26,2N,69W,26-2N-69W,40.11586,-105.080879,P0313305    ,N,2794,101.278,25635,2596.26153
05-013-06553,2/4/2008,5016,PR,11/1/2022,27,2N,69W,27-2N-69W,40.114543,-105.100403,P0317260    ,N,2794,101.278,87589,8870.838742
05-013-06554,2/26/2008,5045,SI,6/1/2022,2,1N,69W,2-1N-69W,40.084573,-105.079482,O0400059    ,N,4794,101.278,0,0
05-013-06554,2/26/2008,5045,SI,6/1/2022,2,1N,69W,2-1N-69W,40.084573,-105.079482,P0317282    ,N,4794,101.278,61899,6269.006922
05-013-06555,4/15/2008,5010,PR,5/1/2021,12,1N,69W,12-1N-69W,40.060071,-105.066547,P0317266    ,N,1392,118.368,66770,7903.43136
05-013-06556,4/9/2008,5009,PR,5/1/2021,12,1N,69W,12-1N-69W,40.060068,-105.066601,P0317265    ,N,1392,118.368,45673,5406.221664
05-013-06557,11/17/2008,4991,SI,6/1/2022,11,1N,69W,11-1N-69W,40.06786,-105.081106,P0317267    ,N,4531,93.963,48828,4588.025364
05-013-06558,8/30/2009,5130,SI,6/1/2022,23,1N,69W,23-1N-69W,40.030913,-105.090566,P0400750    ,N,1404,168.048,34153,5739.343344
05-013-06559,9/9/2009,5104,SI,10/1/2021,23,1N,69W,23-1N-69W,40.034931,-105.09225,P0400756    ,N,1404,168.048,4135,694.87848
05-013-06560,9/21/2009,5104,PA,6/30/2021,23,1N,69W,23-1N-69W,40.034999,-105.092246,P0400761    ,N,1404,168.048,30700,5159.0736
05-013-06561,8/22/2009,5165,PA,6/30/2021,26,1N,69W,26-1N-69W,40.024831,-105.087136,P0319257    ,N,1404,168.048,4072,684.291456
05-013-06562,8/15/2009,5165,PA,6/30/2021,26,1N,69W,26-1N-69W,40.024804,-105.087251,P0319256    ,N,1404,168.048,41629,6995.670192
05-013-06564,4/15/2008,5019,PR,10/31/2007,13,1N,69W,13-1N-69W,40.057642,-105.064154,P0317283    ,N,1419,172.214,25730,4431.06622
05-013-06566,3/12/2008,5027,SI,8/1/2022,24,2N,69W,24-2N-69W,40.125815,-105.063116,P0317279    ,N,2794,101.278,62501,6329.976278
05-013-06567,9/30/2008,5015,PR,11/13/2008,24,2N,69W,24-2N-69W,40.12913,-105.05767,P0317286    ,N,2794,101.278,-13,-1.316614
05-013-06568,3/6/2008,5078,PR,9/1/2018,3,1N,69W,3-1N-69W,40.081922,-105.10043,P0317259    ,N,4794,101.278,48618,4923.933804
05-013-06571,4/28/2008,5019,PR,7/15/2022,13,1N,69W,13-1N-69W,40.057706,-105.064129,P0317285    ,N,1419,172.214,24012,4135.202568
05-013-06572,5/3/2008,5081,SI,9/1/2022,24,1N,69W,24-1N-69W,40.041515,-105.059102,P0317272    ,N,1392,118.368,31130,3684.79584
05-013-06573,6/6/2008,5081,PR,5/1/2020,24,1N,69W,24-1N-69W,40.041478,-105.058989,P0317276    ,N,1392,118.368,28562,3380.826816
05-013-06574,5/18/2008,5081,SI,9/1/2022,24,1N,69W,24-1N-69W,40.04142,-105.0591,P0317273    ,N,1392,118.368,32259,3818.433312
05-013-06575,5/10/2008,5081,PR,5/1/2020,24,1N,69W,24-1N-69W,40.041464,-105.059092,P0317275    ,N,1392,118.368,36384,4306.701312
05-013-06576,4/27/2008,5081,TA,9/1/2022,24,1N,69W,24-1N-69W,40.041558,-105.059101,P0317271    ,N,1392,118.368,29871,3535.770528
05-013-06577,5/29/2008,5081,PR,5/1/2020,24,1N,69W,24-1N-69W,40.04154,-105.058991,P0317274    ,N,1392,118.368,26880,3181.73184
05-013-06578,2/9/2010,5000,SI,8/1/2022,24,2N,69W,24-2N-69W,40.118063,-105.05724,P0400653    ,N,2794,101.278,49657,5029.161646
05-013-06579,11/24/2008,5083,SI,6/1/2022,10,1N,69W,10-1N-69W,40.069875,-105.098831,P0317263    ,N,4531,93.963,57925,5442.806775
05-013-06580,2/15/2010,5007,SI,8/1/2022,25,2N,69W,25-2N-69W,40.114552,-105.062541,P0400654    ,N,2794,101.278,43910,4447.11698
05-013-06581,4/5/2011,5016,PR,5/1/2020,13,1N,69W,13-1N-69W,40.056996,-105.070025,P0401208    ,N,1414,115.187,44152,5085.736424
05-013-06582,4/3/2009,5111,PR,8/1/2021,13,1N,69W,13-1N-69W,40.045334,-105.07141,P0319252    ,N,4794,101.278,69541,7042.973398
05-013-06583,4/9/2009,5112,PR,8/1/2021,13,1N,69W,13-1N-69W,40.045379,-105.071407,P0319254    ,N,4794,101.278,22170,2245.33326
05-013-06588,4/15/2009,5112,PA,11/19/2019,13,1N,69W,13-1N-69W,40.045415,-105.071407,P0319253    ,N,4794,101.278,550,55.7029
05-013-06591,3/14/2011,5015,PR,9/8/2011,13,1N,69W,13-1N-69W,40.057105,-105.07002,P0401203    ,N,1414,115.187,28167,3244.472229
05-013-06592,3/22/2011,5016,PR,5/1/2020,13,1N,69W,13-1N-69W,40.057078,-105.070021,P0401202    ,N,1414,115.187,34951,4025.900837
05-013-06594,9/30/2009,5380,SI,5/1/2022,5,1N,69W,5-1N-69W,40.081857,-105.147908,P0400765    ,N,4248,97.463,6047,589.358761
05-013-06595,9/24/2010,5058,SI,8/1/2022,35,2N,69W,35-2N-69W,40.101216,-105.079613,P0400683    ,N,2794,101.278,71090,7199.85302
05-013-06596,9/15/2010,5058,SI,8/1/2022,35,2N,69W,35-2N-69W,40.101213,-105.07954,P0400739    ,N,2794,101.278,59342,6010.039076
05-013-06597,8/8/2012,5016,SI,8/1/2022,36,2N,69W,36-2N-69W,40.100054,-105.067448,P0401884    ,N,2794,101.278,151828,15376.83618
05-013-06598,8/13/2012,5017,SI,4/1/2022,36,2N,69W,36-2N-69W,40.100028,-105.067451,P0401885    ,N,2794,101.278,123759,12534.064
05-013-06599,8/28/2012,5016,SI,4/1/2022,36,2N,69W,36-2N-69W,40.100104,-105.067445,P0401887    ,N,2794,101.278,35217,3566.707326
05-013-06600,9/9/2010,5058,SI,8/1/2022,35,2N,69W,35-2N-69W,40.101218,-105.079509,P0400740    ,N,2794,101.278,30869,3126.350582
05-013-06611,9/20/2010,5058,SI,8/1/2022,35,2n,69w,35-2n-69w,40.101217,-105.079573,P0400741    ,N,2794,101.278,21858,2213.734524
05-013-06621,8/8/2009,5172,SI,3/1/2022,26,1N,69W,26-1N-69W,40.0228,-105.088786,P0319255    ,N,1404,168.048,48845,8208.30456
05-013-06625,10/11/2010,4980,PR,5/18/2011,12,1N,69W,12-1N-69W,40.071273,-105.062602,P0401200    ,N,4794,101.278,36109,3657.047302
05-013-06626,10/17/2010,4980,PR,5/1/2020,12,1N,69W,12-1N-69W,40.071271,-105.062639,P0401201    ,N,4794,101.278,42745,4329.12811
05-013-06627,6/5/2012,5058,PA,7/1/2019,13,1N,69W,13-1N-69W,40.04963,-105.063229,P0401888    ,N,1392,118.368,32589,3857.494752
05-013-06629,6/22/2012,5058,PA,7/1/2019,13,1N,69W,13-1N-69W,40.049592,-105.063138,P0401889    ,N,1392,118.368,19596,2319.539328
05-013-06630,6/16/2012,5058,PR,5/1/2020,13,1N,69W,13-1N-69W,40.049603,-105.06317,P0401890    ,N,1392,118.368,39098,4627.952064
05-013-06631,6/11/2012,5058,PA,7/1/2019,13,1N,69W,13-1N-69W,40.049623,-105.063202,P0401891    ,N,1392,118.368,49799,5894.608032
05-013-06632,6/27/2012,5058,TA,10/1/2022,13,1N,69W,13-1N-69W,40.04958,-105.063108,P0401892    ,N,1392,118.368,76901,9102.617568
05-013-06633,7/4/2012,5058,PA,6/6/2019,13,1N,69W,13-1N-69W,40.049551,-105.063038,P0401893    ,N,1392,118.368,19614,2321.669952
05-013-06634,7/9/2012,5058,PA,7/2/2019,13,1N,69W,13-1N-69W,40.049532,-105.063021,P0401894    ,N,1392,118.368,20787,2460.515616
05-013-06635,10/22/2010,4977,SI,6/1/2022,12,1N,69W,12-1N-69W,40.070768,-105.067345,P0400744    ,N,4794,101.278,37640,3812.10392
05-013-06636,4/20/2011,5016,PR,8/1/2021,13,1N,69W,13-1N-69W,40.056943,-105.070027,P0401205    ,N,1414,115.187,37671,4339.209477
05-013-06637,3/4/2011,5015,PR,5/1/2020,13,1N,69W,13-1N-69W,40.057132,-105.070019,P0401206    ,N,1414,115.187,45900,5287.0833
05-013-06638,3/29/2011,5016,PR,5/1/2020,13,1N,69W,13-1N-69W,40.057051,-105.070022,P0401207    ,N,1414,115.187,47342,5453.182954
05-013-06639,9/30/2010,5058,SI,8/1/2022,35,2N,69W,35-2N-69W,40.101215,-105.079644,P0400742    ,N,2794,101.278,29935,3031.75693
05-013-06640,10/5/2010,5058,SI,7/1/2021,35,2N,69W,35-2N-69W,40.101212,-105.079679,P0400743    ,N,2794,101.278,5929,600.477262
05-013-06641,4/12/2011,5016,PR,5/1/2020,13,1N,69W,13-1N-69W,40.056969,-105.070026,P0401204    ,N,1414,115.187,45508,5241.929996
05-013-06647,9/3/2012,5029,PA,9/14/2018,36,2N,69W,36-2N-69W,40.100134,-105.067447,P0401895    ,N,2794,101.278,19611,1986.162858
05-013-06648,8/24/2012,5016,SI,8/1/2022,36,2N,69W,36-2N-69W,40.10008,-105.067446,P0401896    ,N,2794,101.278,21464,2173.830992
05-013-06667,7/14/2012,5058,PA,7/3/2019,13,1N,69W,13-1N-69W,40.04953,-105.062985,P0401897    ,N,1392,118.368,41646,4929.553728
